plant_id,site_code,hor_pos,depth_treatment,tile_id,plant_no,binomial_code,trait_tdmc,trait_thickness,trait_STA,trait_SBA,trait_SAP,trait_float,dry_weight_g_daily_change
WAE1,W,A,-5,WAE,1,fu_ve,NA,NA,NA,NA,NA,0,NA
WAE2,W,A,-5,WAE,2,fu_ve,NA,NA,NA,NA,NA,0,NA
WAE3,W,A,-5,WAE,3,fu_ve,NA,NA,NA,NA,NA,0,NA
WAE4,W,A,-5,WAE,4,fu_ve,NA,NA,NA,NA,NA,0,NA
WAE5,W,A,-5,WAE,5,fu_ve,0.381,0.26166666666666666,2864.5231846019246,3784.3466424682397,23.86571956513024,24.08554367752174,0.6408775496126331
WAE6,W,A,-5,WAE,6,fu_ve,NA,NA,NA,NA,NA,0,NA
WAE7,W,A,-5,WAE,7,fu_ve,NA,NA,NA,NA,NA,0,NA
WAE8,W,A,-5,WAE,8,fu_ve,NA,NA,NA,NA,NA,0,NA
WAE9,W,A,-5,WAE,9,fu_ve,NA,NA,NA,NA,NA,0,NA
WAF1,W,A,-12,WAF,1,as_no,0.33585,1.4883333333333333,1192.5413130861991,NA,18.238180348584372,0,0.931027654183808
WAF2,W,A,-12,WAF,2,as_no,NA,NA,NA,NA,NA,0,NA
WAF3,W,A,-12,WAF,3,as_no,NA,NA,NA,NA,NA,0,NA
WAF4,W,A,-12,WAF,4,as_no,NA,NA,NA,NA,NA,0,NA
WAF5,W,A,-12,WAF,5,as_no,0.32007220216606497,1.4966666666666666,1461.0985788405144,NA,14.476750098623077,17.81157125202424,1.1888716683509621
WAF6,W,A,-12,WAF,6,as_no,NA,NA,NA,NA,NA,0,NA
WAF7,W,A,-12,WAF,7,as_no,NA,NA,NA,NA,NA,0,NA
WAF8,W,A,-12,WAF,8,as_no,NA,NA,NA,NA,NA,0,NA
WAF9,W,A,-12,WAF,9,as_no,NA,NA,NA,NA,NA,0,NA
WAG1,W,A,-40,WAG,1,as_no,NA,NA,NA,NA,NA,0,NA
WAG2,W,A,-40,WAG,2,as_no,NA,NA,NA,NA,NA,0,NA
WAG3,W,A,-40,WAG,3,as_no,NA,NA,NA,NA,NA,0,NA
WAG4,W,A,-40,WAG,4,as_no,NA,NA,NA,NA,NA,0,NA
WAG5,W,A,-40,WAG,5,as_no,NA,NA,NA,NA,NA,0,NA
WAG6,W,A,-40,WAG,6,as_no,NA,NA,NA,NA,NA,0,NA
WAG7,W,A,-40,WAG,7,as_no,NA,NA,NA,NA,NA,0,NA
WAG8,W,A,-40,WAG,8,as_no,NA,NA,NA,NA,NA,0,NA
WAG9,W,A,-40,WAG,9,as_no,NA,NA,NA,NA,NA,0,NA
WAH1,W,A,-40,WAH,1,fu_sp,NA,NA,NA,NA,NA,0,NA
WAH2,W,A,-40,WAH,2,fu_sp,NA,NA,NA,NA,NA,0,NA
WAH3,W,A,-40,WAH,3,fu_sp,NA,NA,NA,NA,NA,0,NA
WAH4,W,A,-40,WAH,4,fu_sp,0.3186486486486485,0.415,3721.289228159459,4519.261213720318,19.956696960599693,0,-1.0626076553836796
WAH5,W,A,-40,WAH,5,fu_sp,NA,NA,NA,NA,NA,0,NA
WAH6,W,A,-40,WAH,6,fu_sp,0.28754838709677416,0.3466666666666667,3651.940767332286,4169.485773949361,27.902356238589512,0,0.3629257232954942
WAH7,W,A,-40,WAH,7,fu_sp,0.29886363636363633,0.3066666666666667,3098.0988593155894,4289.896128423043,33.36254125277407,0,-0.9301421114344532
WAH8,W,A,-40,WAH,8,fu_sp,NA,NA,NA,NA,NA,0,NA
WAH9,W,A,-40,WAH,9,fu_sp,NA,NA,NA,NA,NA,0,NA
WBE1,W,B,-5,WBE,1,as_no,0.36647668393782384,1.9833333333333336,1038.6681747490456,NA,21.780507979614402,10.067783611108247,0.38539276788848226
WBE2,W,B,-5,WBE,2,as_no,NA,NA,NA,NA,NA,0,NA
WBE3,W,B,-5,WBE,3,as_no,NA,NA,NA,NA,NA,0,NA
WBE4,W,B,-5,WBE,4,as_no,NA,NA,NA,NA,NA,0,NA
WBE5,W,B,-5,WBE,5,as_no,NA,NA,NA,NA,NA,0,NA
WBE6,W,B,-5,WBE,6,as_no,NA,NA,NA,NA,NA,0,NA
WBE7,W,B,-5,WBE,7,as_no,NA,NA,NA,NA,NA,0,NA
WBE8,W,B,-5,WBE,8,as_no,NA,NA,NA,NA,NA,0,NA
WBE9,W,B,-5,WBE,9,as_no,0.3325714285714286,1.845,1164.123711340206,NA,20.496499815461316,21.159868044797232,0.692224810345617
WBF1,W,B,-12,WBF,1,fu_ve,0.3595555555555556,0.265,2941.9447878038727,4501.18845500849,27.014674362335864,41.9396794298761,1.0357805655868386
WBF2,W,B,-12,WBF,2,fu_ve,NA,NA,NA,NA,NA,0,NA
WBF3,W,B,-12,WBF,3,fu_ve,NA,NA,NA,NA,NA,0,NA
WBF4,W,B,-12,WBF,4,fu_ve,NA,NA,NA,NA,NA,0,NA
WBF5,W,B,-12,WBF,5,fu_ve,NA,NA,NA,NA,NA,0,NA
WBF6,W,B,-12,WBF,6,fu_ve,0.2866057441253264,0.2783333333333333,4453.539218365673,6281.900171046494,35.113986767924395,40.220323183427666,2.072749097535371
WBF7,W,B,-12,WBF,7,fu_ve,NA,NA,NA,NA,NA,0,NA
WBF8,W,B,-12,WBF,8,fu_ve,NA,NA,NA,NA,NA,0,NA
WBF9,W,B,-12,WBF,9,fu_ve,NA,NA,NA,NA,NA,0,NA
WBG1,W,B,-28,WBG,1,fu_ve,0.28785714285714287,0.2816666666666667,6930.2729528535965,7860.062893081759,24.323524032641544,0,-1.480149704153497
WBG2,W,B,-28,WBG,2,fu_ve,NA,NA,NA,NA,NA,0,NA
WBG3,W,B,-28,WBG,3,fu_ve,NA,NA,NA,NA,NA,0,NA
WBG4,W,B,-28,WBG,4,fu_ve,NA,NA,NA,NA,NA,0,NA
WBG5,W,B,-28,WBG,5,fu_ve,NA,NA,NA,NA,NA,0,NA
WBG6,W,B,-28,WBG,6,fu_ve,NA,NA,NA,NA,NA,0,NA
WBG7,W,B,-28,WBG,7,fu_ve,NA,NA,NA,NA,NA,0,NA
WBG8,W,B,-28,WBG,8,fu_ve,0.2833333333333333,0.3016666666666667,4444.796380090498,5939.43181818182,27.4589499460493,0,-1.1385286527476535
WBG9,W,B,-28,WBG,9,fu_ve,NA,NA,NA,NA,NA,0,NA
WBH1,W,B,-40,WBH,1,fu_ve,NA,NA,NA,NA,NA,0,NA
WBH2,W,B,-40,WBH,2,fu_ve,NA,NA,NA,NA,NA,0,NA
WBH3,W,B,-40,WBH,3,fu_ve,NA,NA,NA,NA,NA,0,NA
WBH4,W,B,-40,WBH,4,fu_ve,NA,NA,NA,NA,NA,0,NA
WBH5,W,B,-40,WBH,5,fu_ve,NA,NA,NA,NA,NA,0,NA
WBH6,W,B,-40,WBH,6,fu_ve,NA,NA,NA,NA,NA,0,NA
WBH7,W,B,-40,WBH,7,fu_ve,NA,NA,NA,NA,NA,0,NA
WBH8,W,B,-40,WBH,8,fu_ve,NA,NA,NA,NA,NA,0,NA
WBH9,W,B,-40,WBH,9,fu_ve,NA,NA,NA,NA,NA,0,NA
WCE1,W,C,-5,WCE,1,fu_sp,0.31698224852071005,0.32333333333333336,3379.0554414784397,4092.445054945055,21.342728019817503,0,0.6407788432021495
WCE2,W,C,-5,WCE,2,fu_sp,0.36527272727272736,0.275,3747.336983573917,4216.482164821648,22.610048443239123,0,0.15998183647080544
WCE3,W,C,-5,WCE,3,fu_sp,NA,NA,NA,NA,NA,0,NA
WCE4,W,C,-5,WCE,4,fu_sp,0.36526315789473696,0.31666666666666665,3321.8299711815553,4115.058823529411,19.133281876353855,0,-0.6171716121760261
WCE5,W,C,-5,WCE,5,fu_sp,NA,NA,NA,NA,NA,0,NA
WCE6,W,C,-5,WCE,6,fu_sp,NA,NA,NA,NA,NA,0,NA
WCE7,W,C,-5,WCE,7,fu_sp,0.37554913294797687,0.4,3131.260581806988,3868.967905795428,26.76069306982789,0,0.9505637040652185
WCE8,W,C,-5,WCE,8,fu_sp,NA,NA,NA,NA,NA,0,NA
WCE9,W,C,-5,WCE,9,fu_sp,NA,NA,NA,NA,NA,0,NA
WCG1,W,C,-28,WCG,1,fu_sp,NA,NA,NA,NA,NA,0,NA
WCG2,W,C,-28,WCG,2,fu_sp,NA,NA,NA,NA,NA,0,NA
WCG3,W,C,-28,WCG,3,fu_sp,NA,NA,NA,NA,NA,0,NA
WCG4,W,C,-28,WCG,4,fu_sp,NA,NA,NA,NA,NA,0,NA
WCG5,W,C,-28,WCG,5,fu_sp,0.3093788819875776,0.30333333333333334,3357.3780365388475,4078.5105173393977,26.30096439962506,0,0.5038609209753
WCG6,W,C,-28,WCG,6,fu_sp,NA,NA,NA,NA,NA,0,NA
WCG7,W,C,-28,WCG,7,fu_sp,NA,NA,NA,NA,NA,0,NA
WCG8,W,C,-28,WCG,8,fu_sp,NA,NA,NA,NA,NA,0,NA
WCG9,W,C,-28,WCG,9,fu_sp,NA,NA,NA,NA,NA,0,NA
WCH1,W,C,-28,WCH,1,as_no,0.35633333333333334,1.893333333333333,1223.0656153948953,NA,15.591402428948404,34.42611220023561,0.7793057722383816
WCH2,W,C,-28,WCH,2,as_no,NA,NA,NA,NA,NA,0,NA
WCH3,W,C,-28,WCH,3,as_no,NA,NA,NA,NA,NA,0,NA
WCH4,W,C,-28,WCH,4,as_no,0.3305181347150259,1.74,1543.3610283743533,NA,15.85821977384749,0,1.1703454115809837
WCH5,W,C,-28,WCH,5,as_no,NA,NA,NA,NA,NA,0,NA
WCH6,W,C,-28,WCH,6,as_no,NA,NA,NA,NA,NA,0,NA
WCH7,W,C,-28,WCH,7,as_no,0.3304455445544554,1.665,1540.1198501872661,NA,16.335698338669822,31.81597953298428,1.179728567044991
WCH8,W,C,-28,WCH,8,as_no,NA,NA,NA,NA,NA,0,NA
WCH9,W,C,-28,WCH,9,as_no,NA,NA,NA,NA,NA,0,NA
WDF1,W,D,-12,WDF,1,fu_sp,NA,NA,NA,NA,NA,0,NA
WDF2,W,D,-12,WDF,2,fu_sp,NA,NA,NA,NA,NA,0,NA
WDF3,W,D,-12,WDF,3,fu_sp,NA,NA,NA,NA,NA,0,NA
WDF4,W,D,-12,WDF,4,fu_sp,NA,NA,NA,NA,NA,0,NA
WDF5,W,D,-12,WDF,5,fu_sp,NA,NA,NA,NA,NA,0,NA
WDF6,W,D,-12,WDF,6,fu_sp,NA,NA,NA,NA,NA,0,NA
WDF7,W,D,-12,WDF,7,fu_sp,0.2958076923076923,0.31833333333333336,4011.6629827070597,4540.03310040456,32.38135519398671,0,1.420448115630022
WDF8,W,D,-12,WDF,8,fu_sp,NA,NA,NA,NA,NA,0,NA
WDF9,W,D,-12,WDF,9,fu_sp,0.3029545454545454,0.31166666666666665,3768.6421605401347,8747.702407002187,19.579612819743307,0,-1.119198776118474
XAE1,X,A,-5,XAE,1,as_no,0.3278205128205129,1.0516666666666667,1572.7023856081341,NA,15.661273456957199,21.214248397334277,0.6867593961766271
XAE2,X,A,-5,XAE,2,as_no,NA,NA,NA,NA,NA,0,NA
XAE3,X,A,-5,XAE,3,as_no,0.36248520710059173,1.3083333333333331,1423.6859288279466,NA,18.545334694224717,23.795282260294876,0.9547720993186427
XAE4,X,A,-5,XAE,4,as_no,0.3320610687022901,NA,1794.7816091954023,NA,16.250109273466734,0,0.006483789706325875
XAE5,X,A,-5,XAE,5,as_no,0.3295953757225433,1.1683333333333332,1749.5440196422308,NA,17.679333792925004,46.28091597712077,0.6099458600086569
XAE6,X,A,-5,XAE,6,as_no,0.3461111111111111,1.2166666666666668,1348.278937042982,NA,15.48422247074101,20.91780376922043,0.646075534741419
XAE7,X,A,-5,XAE,7,as_no,0.32065989847715737,1.106666666666667,1731.6922589836947,NA,13.827009126071239,24.66724641729519,0.9426152990760702
XAE8,X,A,-5,XAE,8,as_no,0.35826446280991736,1.1816666666666666,1377.0703575547866,NA,17.869148359789627,15.460356003825202,0.2359255513080845
XAE9,X,A,-5,XAE,9,as_no,0.33453061224489794,1.2166666666666666,1604.9048316251833,NA,14.51402543579151,23.30512851857728,0.9450565696230399
XAF7,X,A,-12,XAF,7,fu_ve,0.3335714285714286,0.26,2915.300759197975,4724.592391304347,31.6895939532059,42.156989213053606,0.8238699421384331
XAF8,X,A,-12,XAF,8,fu_ve,0.31558139534883717,0.295,2774.183247359371,3314.0817901234573,28.840771423026236,27.987004070299637,0.5911891173942888
XBE1,X,B,-5,XBE,1,fu_ve,0.3335443037974683,0.33166666666666667,3662.466793168881,4969.211755012359,34.78408177535566,62.95107859944633,0.7318759753227307
XBF1,X,B,-12,XBF,1,fu_se,NA,NA,NA,NA,NA,0,NA
XBF2,X,B,-12,XBF,2,fu_se,0.33566265060240963,NA,3722.469490308686,4353.181818181819,36.95594848659782,0,-0.6960945770274898
XBF3,X,B,-12,XBF,3,fu_se,0.3262573099415204,0.3433333333333333,4346.764653163649,4887.429684119429,40.84703710503577,0,-0.221713377322717
XBF4,X,B,-12,XBF,4,fu_se,NA,NA,NA,NA,NA,0,NA
XBF5,X,B,-12,XBF,5,fu_se,0.33318181818181813,NA,4222.37380627558,4574.825986078886,29.136815943816313,0,-1.1727839792753547
XBF6,X,B,-12,XBF,6,fu_se,NA,NA,NA,NA,NA,0,NA
XBF7,X,B,-12,XBF,7,fu_se,NA,NA,NA,NA,NA,0,NA
XBF8,X,B,-12,XBF,8,fu_se,NA,NA,NA,NA,NA,0,NA
XBF9,X,B,-12,XBF,9,fu_se,NA,NA,NA,NA,NA,0,NA
XBG1,X,B,-28,XBG,1,fu_se,NA,NA,NA,NA,NA,0,NA
XBG2,X,B,-28,XBG,2,fu_se,0.3295327102803738,0.35333333333333333,3625.8271885044433,4107.797641688856,60.485250865392956,0,0.6723240540221151
XBG3,X,B,-28,XBG,3,fu_se,NA,NA,NA,NA,NA,0,NA
XBG4,X,B,-28,XBG,4,fu_se,NA,NA,NA,NA,NA,0,NA
XBG5,X,B,-28,XBG,5,fu_se,0.34479532163742693,0.36,3594.3860244233374,3690.817000660647,50.77543803324093,0,0.5299071087508714
XBG6,X,B,-28,XBG,6,fu_se,NA,NA,NA,NA,NA,0,NA
XBG7,X,B,-28,XBG,7,fu_se,NA,NA,NA,NA,NA,0,NA
XBG8,X,B,-28,XBG,8,fu_se,NA,NA,NA,NA,NA,0,NA
XBG9,X,B,-28,XBG,9,fu_se,NA,NA,NA,NA,NA,0,NA
XBH1,X,B,-40,XBH,1,as_no,NA,NA,NA,NA,NA,0,NA
XBH2,X,B,-40,XBH,2,as_no,0.3630666666666667,1.3516666666666666,1321.355123026074,NA,18.645885965253214,25.84343571076436,1.080992741088828
XBH3,X,B,-40,XBH,3,as_no,NA,NA,NA,NA,NA,0,NA
XBH4,X,B,-40,XBH,4,as_no,NA,NA,NA,NA,NA,0,NA
XBH5,X,B,-40,XBH,5,as_no,NA,NA,NA,NA,NA,0,NA
XBH6,X,B,-40,XBH,6,as_no,NA,NA,NA,NA,NA,0,NA
XBH7,X,B,-40,XBH,7,as_no,NA,NA,NA,NA,NA,0,NA
XBH8,X,B,-40,XBH,8,as_no,0.3507692307692308,1.2283333333333333,1495.2517162471397,NA,18.712614327221964,29.874285594777085,1.2434944460871902
XBH9,X,B,-40,XBH,9,as_no,NA,NA,NA,NA,NA,0,NA
XCE1,X,C,-5,XCE,1,fu_sp,NA,NA,NA,NA,NA,0,NA
XCE2,X,C,-5,XCE,2,fu_sp,0.3660493827160494,NA,2701.079258010118,3719.6378830083563,13.05264770547404,0,0.16852301166432737
XCE3,X,C,-5,XCE,3,fu_sp,0.3073214285714286,0.23333333333333336,3727.6002324230094,4345.719263315082,30.400501683467112,0,1.049616477604482
XCE4,X,C,-5,XCE,4,fu_sp,0.35440476190476194,0.26833333333333337,3328.350688612697,4197.7375565610855,19.87160717652108,0,-0.6827720530622794
XCE5,X,C,-5,XCE,5,fu_sp,0.3274444444444444,0.31333333333333335,3166.9833729216152,3656.3188253801786,24.729732594249136,0,0.6766671639599362
XCE6,X,C,-5,XCE,6,fu_sp,NA,NA,NA,NA,NA,0,NA
XCE7,X,C,-5,XCE,7,fu_sp,0.30284345047923317,0.3016666666666667,3890.8745648275135,4635.012062726176,35.334479801874906,0,1.0269032949044103
XCE8,X,C,-5,XCE,8,fu_sp,NA,NA,NA,NA,NA,0,NA
XCE9,X,C,-5,XCE,9,fu_sp,0.34196721311475403,0.30833333333333335,3719.319271332695,4464.361370716511,23.415524838534434,0,-0.8812002742656524
XCF1,X,C,-12,XCF,1,as_no,0.3291578947368421,1.015,1945.251039334826,NA,14.093605189990733,20.62915546968674,1.398426682307913
XCF2,X,C,-12,XCF,2,as_no,0.2981547619047619,1.3783333333333334,1468.9958075464162,NA,18.82065867957152,22.24432410607266,0.8386172982237726
XCF3,X,C,-12,XCF,3,as_no,0.3345121951219512,1.1816666666666666,1549.5685988576986,NA,20.261994578326654,31.763338045773576,1.3348621654170933
XCF4,X,C,-12,XCF,4,as_no,NA,NA,NA,NA,NA,0,NA
XCF5,X,C,-12,XCF,5,as_no,0.31279475982532756,1.2233333333333334,1495.0160547256735,NA,20.425648792062283,15.145842008092629,0.543824347733063
XCF6,X,C,-12,XCF,6,as_no,NA,NA,NA,NA,NA,0,NA
XCF7,X,C,-12,XCF,7,as_no,0.34371287128712874,1.3216666666666668,1397.5370877142445,NA,15.900960471697958,11.161258647349593,0.7749863804519798
XCF8,X,C,-12,XCF,8,as_no,NA,NA,NA,NA,NA,0,NA
XCF9,X,C,-12,XCF,9,as_no,NA,NA,NA,NA,NA,0,NA
XCG1,X,C,-28,XCG,1,fu_sp,NA,NA,NA,NA,NA,0,NA
XCG2,X,C,-28,XCG,2,fu_sp,0.33349999999999996,0.37666666666666665,3896.5945598629255,4233.657957244656,31.273388603636974,0,0.38632396411216313
XCG3,X,C,-28,XCG,3,fu_sp,NA,NA,NA,NA,NA,0,NA
XCG4,X,C,-28,XCG,4,fu_sp,NA,NA,NA,NA,NA,0,NA
XCG5,X,C,-28,XCG,5,fu_sp,NA,NA,NA,NA,NA,0,NA
XCG6,X,C,-28,XCG,6,fu_sp,NA,NA,NA,NA,NA,0,NA
XCG7,X,C,-28,XCG,7,fu_sp,NA,NA,NA,NA,NA,0,NA
XCG8,X,C,-28,XCG,8,fu_sp,NA,NA,NA,NA,NA,0,NA
XCG9,X,C,-28,XCG,9,fu_sp,NA,NA,NA,NA,NA,0,NA
XCH1,X,C,-40,XCH,1,fu_ve,NA,NA,NA,NA,NA,0,NA
XCH2,X,C,-40,XCH,2,fu_ve,0.3133536585365854,0.35333333333333333,2139.6186028410198,3186.3142498955285,34.81924582314717,57.38292088284916,2.1174094071239717
XCH3,X,C,-40,XCH,3,fu_ve,NA,NA,NA,NA,NA,0,NA
XCH4,X,C,-40,XCH,4,fu_ve,NA,NA,NA,NA,NA,0,NA
XCH5,X,C,-40,XCH,5,fu_ve,NA,NA,NA,NA,NA,0,NA
XCH6,X,C,-40,XCH,6,fu_ve,NA,NA,NA,NA,NA,0,NA
XCH7,X,C,-40,XCH,7,fu_ve,NA,NA,NA,NA,NA,0,NA
XCH8,X,C,-40,XCH,8,fu_ve,NA,NA,NA,NA,NA,0,NA
XCH9,X,C,-40,XCH,9,fu_ve,NA,NA,NA,NA,NA,0,NA
XDE1,X,D,-5,XDE,1,fu_se,NA,NA,NA,NA,NA,0,NA
XDE3,X,D,-5,XDE,3,fu_se,NA,NA,NA,NA,NA,0,NA
XDE4,X,D,-5,XDE,4,fu_se,NA,NA,NA,NA,NA,0,NA
XDE5,X,D,-5,XDE,5,fu_se,NA,NA,NA,NA,NA,0,NA
XDE6,X,D,-5,XDE,6,fu_se,NA,NA,NA,NA,NA,0,NA
XDE7,X,D,-5,XDE,7,fu_se,NA,NA,NA,NA,NA,0,NA
XDE8,X,D,-5,XDE,8,fu_se,0.28,NA,5706.16883116883,8665.340909090914,18.100083420014624,0,-1.4818387743733556
XDE9,X,D,-5,XDE,9,fu_se,NA,NA,NA,NA,NA,0,NA
XDF1,X,D,-12,XDF,1,fu_sp,0.3565384615384615,0.235,3183.04823547542,3476.715328467154,24.774977929605033,0,0.785004086557733
XDF2,X,D,-12,XDF,2,fu_sp,0.32207792207792213,0.3416666666666667,3312.7419354838707,3742.8977272727266,30.22969579335658,0,1.1386444806983251
XDF3,X,D,-12,XDF,3,fu_sp,NA,NA,NA,NA,NA,0,NA
XDF4,X,D,-12,XDF,4,fu_sp,NA,NA,NA,NA,NA,0,NA
XDF5,X,D,-12,XDF,5,fu_sp,0.3883050847457627,0.24833333333333332,2939.720646006111,3596.2254259501974,25.96457816090182,0,0.2964709637100365
XDF6,X,D,-12,XDF,6,fu_sp,NA,NA,NA,NA,NA,0,NA
XDF7,X,D,-12,XDF,7,fu_sp,0.2607377049180328,0.275,3480.1844283768205,4967.1901425465085,33.18972710819834,0,1.2118721248878757
XDF8,X,D,-12,XDF,8,fu_sp,0.31553333333333333,0.33666666666666667,3727.931544474964,4128.804960541151,29.557218814179993,0,1.9640720705519807
XDF9,X,D,-12,XDF,9,fu_sp,0.3087951807228915,0.29333333333333333,3703.160358954351,4223.566878980892,19.09237206308336,0,-0.7533799212888771
XDG1,X,D,-28,XDG,1,fu_ve,NA,NA,NA,NA,NA,0,NA
XDG2,X,D,-28,XDG,2,fu_ve,NA,NA,NA,NA,NA,0,NA
XDG3,X,D,-28,XDG,3,fu_ve,NA,NA,NA,NA,NA,0,NA
XDG4,X,D,-28,XDG,4,fu_ve,NA,NA,NA,NA,NA,0,NA
XDG5,X,D,-28,XDG,5,fu_ve,NA,NA,NA,NA,NA,0,NA
XDG6,X,D,-28,XDG,6,fu_ve,NA,NA,NA,NA,NA,0,NA
XDG7,X,D,-28,XDG,7,fu_ve,NA,NA,NA,NA,NA,0,NA
XDG8,X,D,-28,XDG,8,fu_ve,0.36129186602870816,0.37,2591.4183551847436,4164.1584878226095,27.34445307740035,69.56354015100163,1.0961825433803247
XDG9,X,D,-28,XDG,9,fu_ve,NA,NA,NA,NA,NA,0,NA
XDH1,X,D,-40,XDH,1,fu_sp,NA,NA,NA,NA,NA,0,NA
XDH2,X,D,-40,XDH,2,fu_sp,NA,NA,NA,NA,NA,0,NA
XDH3,X,D,-40,XDH,3,fu_sp,NA,NA,NA,NA,NA,0,NA
XDH4,X,D,-40,XDH,4,fu_sp,NA,NA,NA,NA,NA,0,NA
XDH5,X,D,-40,XDH,5,fu_sp,NA,NA,NA,NA,NA,0,NA
XDH6,X,D,-40,XDH,6,fu_sp,NA,NA,NA,NA,NA,0,NA
XDH7,X,D,-40,XDH,7,fu_sp,0.29519662921348316,0.3666666666666667,2998.487011133314,4120.14852452609,22.34786993440551,0,1.2746525466340584
XDH8,X,D,-40,XDH,8,fu_sp,NA,NA,NA,NA,NA,0,NA
XDH9,X,D,-40,XDH,9,fu_sp,NA,NA,NA,NA,NA,0,NA
YAE1,Y,A,-5,YAE,1,as_no,0.3381506849315068,1.71,1598.3390723111204,NA,13.65272154745839,16.29021104555372,0.41231811638988075
YAE2,Y,A,-5,YAE,2,as_no,0.3216417910447761,1.33,1622.8770301624131,NA,17.393445068881483,0,0.08716270401832663
YAE3,Y,A,-5,YAE,3,as_no,0.34294520547945206,1.92,1325.883762732175,NA,14.520849373556379,0,0.2986485825304585
YAE4,Y,A,-5,YAE,4,as_no,NA,NA,NA,NA,NA,0,NA
YAE5,Y,A,-5,YAE,5,as_no,0.3339354838709678,1.6483333333333334,1658.481452859351,NA,16.77233677143801,25.249276350335276,0.5219484820809643
YAE6,Y,A,-5,YAE,6,as_no,0.34365079365079365,1.4416666666666669,1375.7505773672056,NA,14.889894268503012,23.217312913365678,0.2917112438190771
YAE7,Y,A,-5,YAE,7,as_no,0.36662420382165606,1.5916666666666668,1477.2585128561502,NA,14.870759006645683,24.81545274204585,0.626914197357549
YAE8,Y,A,-5,YAE,8,as_no,0.3164601769911505,1.45,1445.0223713646528,NA,18.267109728506785,42.16902890724554,0.036396762042990284
YAE9,Y,A,-5,YAE,9,as_no,0.345034965034965,1.5333333333333332,1457.1139035265505,NA,17.058644875335744,14.432394301047553,NA
YAF1,Y,A,-12,YAF,1,as_no,0.3355440414507772,1.3433333333333333,1513.295243977764,NA,15.992304190104129,38.0328696790364,0.8286780714871269
YAF2,Y,A,-12,YAF,2,as_no,NA,NA,NA,NA,NA,0,NA
YAF3,Y,A,-12,YAF,3,as_no,0.3237,1.153333333333333,1886.8705591597159,NA,17.752858629369328,22.6456066060432,0.9670548540229884
YAF4,Y,A,-12,YAF,4,as_no,0.32881944444444444,1.47,1843.041182682154,NA,15.863419138698577,0,1.2372532205314042
YAF5,Y,A,-12,YAF,5,as_no,0.34693333333333337,1.231666666666667,1683.935434281322,NA,14.566271448731651,25.354898434045214,0.7616795544107454
YAF6,Y,A,-12,YAF,6,as_no,0.3419867549668874,1.5233333333333334,1281.9326103795509,NA,17.45804862482825,0,0.719817547878655
YAF7,Y,A,-12,YAF,7,as_no,0.339646017699115,1.7833333333333332,1322.3814486711829,NA,19.39899169428232,29.03121924109379,0.5971222673553898
YAF8,Y,A,-12,YAF,8,as_no,0.3235106382978723,1.4633333333333334,1615.5212101282473,NA,15.601440484734546,37.19083706979038,0.7882964259742232
YAF9,Y,A,-12,YAF,9,as_no,0.3320398009950249,1.6016666666666666,1541.114773748876,NA,16.12816729363099,18.01292761123305,0.994319501026529
YAG1,Y,A,-28,YAG,1,fu_ve,0.3086692015209125,0.30166666666666664,2652.3035230352307,3285.63517368686,27.54689896843379,23.116260307271535,1.2775982405629716
YAG2,Y,A,-28,YAG,2,fu_ve,0.2832283464566929,0.24833333333333335,3552.0248355110734,5095.456537618699,28.703773736090834,29.035446883330735,2.3329864736984933
YAG3,Y,A,-28,YAG,3,fu_ve,NA,NA,NA,NA,NA,0,NA
YAG4,Y,A,-28,YAG,4,fu_ve,0.2838055555555556,0.3333333333333333,3454.810609768034,4761.717882265827,30.334655938013757,29.231745287390588,2.276696029786009
YAG5,Y,A,-28,YAG,5,fu_ve,0.2719345238095238,0.335,3486.5382510670897,4397.441784191538,32.04937312748118,30.257212817763133,1.7014368025403774
YAG6,Y,A,-28,YAG,6,fu_ve,NA,NA,NA,NA,NA,0,NA
YAG7,Y,A,-28,YAG,7,fu_ve,NA,NA,NA,NA,NA,0,NA
YAG8,Y,A,-28,YAG,8,fu_ve,0.31279661016949156,0.2866666666666667,4072.6722658719405,5784.041907075615,35.23386135906401,63.552492947179054,2.5285571354518845
YAG9,Y,A,-28,YAG,9,fu_ve,NA,NA,NA,NA,NA,0,NA
YAH1,Y,A,-40,YAH,1,fu_ve,NA,NA,NA,NA,NA,0,NA
YAH2,Y,A,-40,YAH,2,fu_ve,0.32495145631067957,0.32166666666666666,2692.0824619061846,3761.5896980461816,26.461095693288108,46.05541665256623,1.3222359200172074
YAH3,Y,A,-40,YAH,3,fu_ve,NA,NA,NA,NA,NA,0,NA
YAH4,Y,A,-40,YAH,4,fu_ve,NA,NA,NA,NA,NA,0,NA
YAH5,Y,A,-40,YAH,5,fu_ve,NA,NA,NA,NA,NA,0,NA
YAH6,Y,A,-40,YAH,6,fu_ve,NA,NA,NA,NA,NA,0,NA
YAH7,Y,A,-40,YAH,7,fu_ve,NA,NA,NA,NA,NA,0,NA
YAH8,Y,A,-40,YAH,8,fu_ve,0.3181549815498155,0.35,2638.506147065646,4132.83148441627,31.701076899065797,79.67543418985943,1.770471501733243
YAH9,Y,A,-40,YAH,9,fu_ve,NA,NA,NA,NA,NA,0,NA
YBE1,Y,B,-5,YBE,1,fu_sp,NA,NA,NA,NA,NA,0,NA
YBE2,Y,B,-5,YBE,2,fu_sp,0.35791139240506326,0.30833333333333335,2852.5198938992044,3959.5400064787814,19.690056466555834,0,0.2852849711670698
YBE3,Y,B,-5,YBE,3,fu_sp,NA,NA,NA,NA,NA,0,NA
YBE4,Y,B,-5,YBE,4,fu_sp,0.30574999999999997,0.305,4256.745707277188,5302.1276595744685,21.69040139325206,0,-0.4736700740798684
YBE5,Y,B,-5,YBE,5,fu_sp,0.33234234234234233,0.38,3867.525074545947,4277.295162882527,23.690074520795417,0,0.15172189827299665
YBE6,Y,B,-5,YBE,6,fu_sp,0.3583018867924528,0.29333333333333333,3266.6140073723022,3976.5586034912726,14.155223008712241,0,-0.17568475244597212
YBE7,Y,B,-5,YBE,7,fu_sp,0.3404761904761905,0.31833333333333336,3559.160839160839,5220.833333333334,14.999587405250566,0,-1.2604417916430588
YBE8,Y,B,-5,YBE,8,fu_sp,0.30963133640553,0.37666666666666665,3516.5054323560053,4205.361050328228,29.8784119577382,0,0.7277044848638801
YBE9,Y,B,-5,YBE,9,fu_sp,0.3380000000000001,0.38,3640.7746100053782,4327.351097178683,21.08939983610082,0,-0.09155914864679741
YBF1,Y,B,-12,YBF,1,fu_ve,NA,NA,NA,NA,NA,0,NA
YBF2,Y,B,-12,YBF,2,fu_ve,0.2496829971181556,0.28833333333333333,3786.01108033241,5176.09190643759,39.38746618347917,32.150802010421856,1.6442914364610435
YBF3,Y,B,-12,YBF,3,fu_ve,0.2723809523809524,0.35,3475.3246753246754,4784.2985842985845,23.32592971310273,45.1937404712218,0.7159810324126855
YBF4,Y,B,-12,YBF,4,fu_ve,NA,NA,NA,NA,NA,0,NA
YBF5,Y,B,-12,YBF,5,fu_ve,NA,NA,NA,NA,NA,0,NA
YBF6,Y,B,-12,YBF,6,fu_ve,NA,NA,NA,NA,NA,0,NA
YBF7,Y,B,-12,YBF,7,fu_ve,NA,NA,NA,NA,NA,0,NA
YBF8,Y,B,-12,YBF,8,fu_ve,NA,NA,NA,NA,NA,0,NA
YBF9,Y,B,-12,YBF,9,fu_ve,0.31375000000000003,0.28500000000000003,3590.5236198064886,5420.522625876354,24.310873041869787,36.476090001839374,-0.3439159903929353
YBG1,Y,B,-28,YBG,1,fu_se,NA,NA,NA,NA,NA,0,NA
YBG2,Y,B,-28,YBG,2,fu_se,NA,NA,NA,NA,NA,0,NA
YBG3,Y,B,-28,YBG,3,fu_se,NA,NA,NA,NA,NA,0,NA
YBG4,Y,B,-28,YBG,4,fu_se,0.3023574144486692,0.35,3848.5286720321938,3798.3368255631217,47.57969854090065,0,0.9379013453267915
YBG5,Y,B,-28,YBG,5,fu_se,0.30196506550218344,0.38,3899.812002892263,4043.094867807153,55.30519455217009,0,0.8997965178875541
YBG6,Y,B,-28,YBG,6,fu_se,0.3201421800947867,0.36,4156.728349370836,4316.604444444445,49.9462803596014,0,0.872364041394688
YBG7,Y,B,-28,YBG,7,fu_se,NA,NA,NA,NA,NA,0,NA
YBG8,Y,B,-28,YBG,8,fu_se,0.33099415204678356,0.33999999999999997,3711.2544169611306,3977.3408998783957,66.8694489542546,0,0.8187788246318947
YBG9,Y,B,-28,YBG,9,fu_se,0.315,0.45666666666666667,3190.5766526019684,3639.1725680208724,60.50647188151331,0,0.49091140052846133
YBH1,Y,B,-40,YBH,1,fu_sp,0.26859374999999996,0.33,3795.026178010472,5027.594728171336,17.03600891017489,0,-0.3199561476225675
YBH2,Y,B,-40,YBH,2,fu_sp,0.30345864661654137,0.33,3582.8295341922694,4117.763599731362,24.870319282869076,0,0.29295401473865257
YBH3,Y,B,-40,YBH,3,fu_sp,NA,NA,NA,NA,NA,0,NA
YBH4,Y,B,-40,YBH,4,fu_sp,0.27496296296296296,0.33333333333333337,3631.0883620689656,3723.9949748743725,25.445339696587556,0,0.7426210514626865
YBH5,Y,B,-40,YBH,5,fu_sp,0.32449494949494945,0.425,3092.1089494163425,3173.4270414993307,34.24926516855869,0,0.5364062927607111
YBH6,Y,B,-40,YBH,6,fu_sp,NA,NA,NA,NA,NA,0,NA
YBH7,Y,B,-40,YBH,7,fu_sp,NA,NA,NA,NA,NA,0,NA
YBH8,Y,B,-40,YBH,8,fu_sp,NA,NA,NA,NA,NA,0,NA
YBH9,Y,B,-40,YBH,9,fu_sp,NA,NA,NA,NA,NA,0,NA
YCE1,Y,C,-5,YCE,1,fu_se,0.2825,NA,4684.513274336283,NA,31.64076509264794,0,-1.4831067748762272
YCE2,Y,C,-5,YCE,2,fu_se,NA,NA,NA,NA,NA,0,NA
YCE3,Y,C,-5,YCE,3,fu_se,NA,NA,NA,NA,NA,0,NA
YCE4,Y,C,-5,YCE,4,fu_se,NA,NA,NA,NA,NA,0,NA
YCE5,Y,C,-5,YCE,5,fu_se,NA,NA,NA,NA,NA,0,NA
YCE6,Y,C,-5,YCE,6,fu_se,NA,NA,NA,NA,NA,0,NA
YCE7,Y,C,-5,YCE,7,fu_se,NA,NA,NA,NA,NA,0,NA
YCE8,Y,C,-5,YCE,8,fu_se,NA,NA,NA,NA,NA,0,NA
YCE9,Y,C,-5,YCE,9,fu_se,NA,NA,NA,NA,NA,0,NA
YCF1,Y,C,-12,YCF,1,fu_sp,0.25745341614906825,0.3,3665.1628468033778,5024.77357485349,20.3678851297452,0,0.3029598747658827
YCF2,Y,C,-12,YCF,2,fu_sp,0.30027777777777775,0.275,4664.801110083256,5604.45937690898,26.11479811802968,0,-0.7603231457940546
YCF3,Y,C,-12,YCF,3,fu_sp,NA,NA,NA,NA,NA,0,NA
YCF4,Y,C,-12,YCF,4,fu_sp,0.2750000000000002,NA,4166.493506493504,8398.809523809516,25.774057232835773,0,-1.4359333390502604
YCF5,Y,C,-12,YCF,5,fu_sp,0.3215384615384616,0.32666666666666666,3615.490430622009,4483.625730994152,18.379918333095166,0,-0.8602554079711531
YCF6,Y,C,-12,YCF,6,fu_sp,0.2545192307692308,0.3516666666666667,3709.8854048608487,4323.838836038052,33.1585747987538,0,1.6548658685245325
YCF7,Y,C,-12,YCF,7,fu_sp,0.31532432432432433,0.37166666666666665,3958.7468929459164,4358.214712094775,41.983443579182946,0,1.7733196113919358
YCF8,Y,C,-12,YCF,8,fu_sp,NA,NA,NA,NA,NA,0,NA
YCF9,Y,C,-12,YCF,9,fu_sp,NA,NA,NA,NA,NA,0,NA
YCG1,Y,C,-28,YCG,1,as_no,NA,NA,NA,NA,NA,0,NA
YCG2,Y,C,-28,YCG,2,as_no,0.34511627906976744,1.5266666666666666,1604.5485175202157,NA,13.025735284061847,0,0.9626080612097263
YCG3,Y,C,-28,YCG,3,as_no,0.3317486338797814,1.34,1661.4066875308845,NA,14.651478308363183,23.182894231728337,1.590902455880266
YCG4,Y,C,-28,YCG,4,as_no,0.33470588235294113,1.1883333333333332,1484.5694200351493,NA,18.78495549047209,18.772258387004033,0.6498627223125842
YCG5,Y,C,-28,YCG,5,as_no,0.31955445544554456,1.5333333333333332,1544.027885360186,NA,14.129987892672943,16.807074562969404,1.2521164523745962
YCG6,Y,C,-28,YCG,6,as_no,0.3627745664739884,1.2633333333333334,1479.6367112810706,NA,17.253315051084392,41.11368333569817,1.427236419214756
YCG7,Y,C,-28,YCG,7,as_no,0.31183098591549296,1.2866666666666666,1507.3471845829567,NA,16.941385898028145,21.189905281665567,1.3927535681360914
YCG8,Y,C,-28,YCG,8,as_no,0.3130575539568345,1.1683333333333334,1678.2144088245434,NA,18.343594342253002,21.562426884342216,1.6696347080763823
YCG9,Y,C,-28,YCG,9,as_no,NA,NA,NA,NA,NA,0,NA
YCH1,Y,C,-40,YCH,1,as_no,0.3192063492063492,1.34,NA,NA,NA,0,1.2929400126864175
YCH2,Y,C,-40,YCH,2,as_no,0.3308290155440414,1.1133333333333333,1941.3782302270947,NA,14.106332640290054,32.53938827837196,1.3095737634983335
YCH3,Y,C,-40,YCH,3,as_no,NA,NA,NA,NA,NA,0,NA
YCH4,Y,C,-40,YCH,4,as_no,NA,NA,NA,NA,NA,0,NA
YCH5,Y,C,-40,YCH,5,as_no,0.32981249999999995,1.535,1492.8747394352854,NA,14.201579175079319,0,0.9335998461186539
YCH6,Y,C,-40,YCH,6,as_no,NA,NA,NA,NA,NA,0,NA
YCH7,Y,C,-40,YCH,7,as_no,NA,NA,NA,NA,NA,0,NA
YCH8,Y,C,-40,YCH,8,as_no,NA,NA,NA,NA,NA,0,NA
YCH9,Y,C,-40,YCH,9,as_no,NA,NA,NA,NA,NA,0,NA
YDE1,Y,D,-5,YDE,1,fu_ve,NA,NA,NA,NA,NA,0,NA
YDE2,Y,D,-5,YDE,2,fu_ve,0.30917105263157896,0.255,4077.946120781377,5825.9337781380555,27.07430922288811,48.48920865224915,0.9526711829216034
YDE3,Y,D,-5,YDE,3,fu_ve,0.2852112676056338,0.275,2980.5432098765436,4364.460285132384,24.95462307173896,0,-0.5372744579273965
YDE4,Y,D,-5,YDE,4,fu_ve,0.30881294964028777,0.26166666666666666,3825.1252184041928,5037.293669508435,32.133026602776425,57.08659917996595,1.2731997467616625
YDE5,Y,D,-5,YDE,5,fu_ve,0.38777777777777783,0.22,2282.5214899713465,5579.775280898875,18.09220985691574,44.40837752925399,-0.74262800572676535
YDE6,Y,D,-5,YDE,6,fu_ve,0.38173913043478264,0.21,2882.8473804100227,4435.091277890467,29.82654191510924,48.37623311678132,0.34319874890156304
YDE7,Y,D,-5,YDE,7,fu_ve,0.30033783783783785,0.25333333333333335,3634.1844769403824,4914.5396145610275,34.84409731097386,40.42724404619486,1.2271336651705829
YDE8,Y,D,-5,YDE,8,fu_ve,0.3474380165289257,0.27,2847.7640342530917,3535.3681800839377,29.141929374879812,44.8371929627468,-0.21012899986046749
YDE9,Y,D,-5,YDE,9,fu_ve,0.3224537037037037,0.315,3027.7817659727207,3941.5013404825736,32.0094046646894,37.88855461615831,0.8176411374508918
YDF1,Y,D,-12,YDF,1,fu_se,NA,NA,NA,NA,NA,0,NA
YDF2,Y,D,-12,YDF,2,fu_se,0.30246753246753244,0.6916666666666667,3606.311721769,5202.880658436214,28.806856766564007,0,-0.758720677903521
YDF3,Y,D,-12,YDF,3,fu_se,NA,NA,NA,NA,NA,0,NA
YDF4,Y,D,-12,YDF,4,fu_se,NA,NA,NA,NA,NA,0,NA
YDF5,Y,D,-12,YDF,5,fu_se,0.3280487804878049,0.35,2928.6988847583643,3973.634651600754,20.990845047906298,0,-0.9799584901372712
YDF6,Y,D,-12,YDF,6,fu_se,NA,NA,NA,NA,NA,0,NA
YDF7,Y,D,-12,YDF,7,fu_se,NA,NA,NA,NA,NA,0,NA
YDF8,Y,D,-12,YDF,8,fu_se,0.3201449275362319,0.4216666666666667,3304.074241738342,4022.647283856159,26.853003289159016,0,-0.7386819032859363
YDF9,Y,D,-12,YDF,9,fu_se,NA,NA,NA,NA,NA,0,NA
YDG1,Y,D,-28,YDG,1,fu_sp,NA,NA,NA,NA,NA,0,NA
YDG2,Y,D,-28,YDG,2,fu_sp,NA,NA,NA,NA,NA,0,NA
YDG3,Y,D,-28,YDG,3,fu_sp,NA,NA,NA,NA,NA,0,NA
YDG4,Y,D,-28,YDG,4,fu_sp,NA,NA,NA,NA,NA,0,NA
YDG5,Y,D,-28,YDG,5,fu_sp,0.33593749999999994,0.33166666666666667,3256.3720930232557,3718.2144997004193,24.7782724718107,0,-0.6160072853213795
YDG6,Y,D,-28,YDG,6,fu_sp,NA,NA,NA,NA,NA,0,NA
YDG7,Y,D,-28,YDG,7,fu_sp,NA,NA,NA,NA,NA,0,NA
YDG8,Y,D,-28,YDG,8,fu_sp,0.28762755102040816,0.3516666666666667,3132.2749445676277,3593.647156842325,40.20871497745145,0,1.920416938370377
YDG9,Y,D,-28,YDG,9,fu_sp,NA,NA,NA,NA,NA,0,NA
YDH1,Y,D,-40,YDH,1,fu_se,NA,NA,NA,NA,NA,0,NA
YDH2,Y,D,-40,YDH,2,fu_se,0.3043421052631579,0.36833333333333335,3304.2080991497337,NA,62.49972740753664,0,1.2390828726613183
YDH3,Y,D,-40,YDH,3,fu_se,0.31764478764478765,0.405,3459.122401847575,3833.917929507917,54.6129356021716,0,1.321101488589187
YDH4,Y,D,-40,YDH,4,fu_se,NA,NA,NA,NA,NA,0,NA
YDH5,Y,D,-40,YDH,5,fu_se,NA,NA,NA,NA,NA,0,NA
YDH6,Y,D,-40,YDH,6,fu_se,NA,NA,NA,NA,NA,0,NA
YDH7,Y,D,-40,YDH,7,fu_se,0.2968275862068966,0.3466666666666667,3930.2973977695165,4327.135309656589,56.77453133993734,0,1.0756157300304972
YDH8,Y,D,-40,YDH,8,fu_se,NA,NA,NA,NA,NA,0,NA
YDH9,Y,D,-40,YDH,9,fu_se,NA,NA,NA,NA,NA,0,NA
VAE7,V,A,-5,VAE,7,fu_ve,0.32954545454545453,0.30666666666666664,3281.0517241379307,NA,37.53330743029353,70.09940407710025,0.8602450801180206
VAE8,V,A,-5,VAE,8,fu_ve,0.3111851851851852,0.2783333333333333,2961.6162818376574,4065.4059680777223,30.414349446922934,54.863413401895535,0.37878721576133145
VAE9,V,A,-5,VAE,9,fu_ve,0.28127118644067794,0.2866666666666667,3427.6890629707746,4646.8488566648075,27.56362420530315,49.843953102691685,0.7361398330088746
VAE6,V,A,-5,VAE,6,fu_ve,0.3653913043478261,0.2733333333333333,2627.177534507378,3691.0080786793114,29.8462187327645,44.05706137333158,0.5575278062000907
VAE5,V,A,-5,VAE,5,fu_ve,0.34125683060109285,0.2816666666666667,2697.710168134508,3803.342696629213,30.25778167312932,53.947861676696476,0.6597545759667117
VAE4,V,A,-5,VAE,4,fu_ve,0.36560606060606066,0.28,2220.0580190634064,3298.459316321618,31.399281397816058,43.22456531254915,0.31171565502046156
VAE3,V,A,-5,VAE,3,fu_ve,0.3066917293233083,0.29333333333333333,2718.877175778377,3678.1201044386416,27.595911237626968,41.942328593795175,0.07805176319796901
VAE2,V,A,-5,VAE,2,fu_ve,0.2622302158273381,0.26,3402.8806584362146,5278.650500790724,29.610681665178593,55.55749312768123,0.45934253724353374
VAE1,V,A,-5,VAE,1,fu_ve,0.34236453201970446,0.2866666666666667,3018.359712230216,4363.87165775401,29.179040431086886,36.68295352865019,0.8876829248542485
VAF9,V,A,-12,VAF,9,fu_sp,0.3266949152542372,0.28500000000000003,3458.5473411154353,4185.680272108844,21.14864821993947,0,0.19115089915980027
VAF8,V,A,-12,VAF,8,fu_sp,0.3524299065420561,0.25666666666666665,3387.1121718377085,4357.91618160652,21.149120773586777,0,0.4922655381336202
VAF7,V,A,-12,VAF,7,fu_sp,0.3288059701492537,0.25,3487.630503858375,4085.0959046137896,24.60049116133721,0,0.49317623447664666
VAF6,V,A,-12,VAF,6,fu_sp,0.3591666666666667,0.2966666666666667,3469.5359628770298,3954.3951612903215,21.917505041977392,0,0.448294508291529
VAF5,V,A,-12,VAF,5,fu_sp,NA,NA,NA,NA,NA,0,NA
VAF4,V,A,-12,VAF,4,fu_sp,0.3544961240310077,0.32,3751.148042860267,4151.155778894474,31.770490892422238,0,0.5270354272691764
VAF3,V,A,-12,VAF,3,fu_sp,0.3726966292134832,0.29333333333333333,4333.463973470003,4592.114418245071,30.053985564820316,0,0.39358949768569307
VAF2,V,A,-12,VAF,2,fu_sp,0.34852713178294575,0.27,3518.06049822064,4159.204470742932,20.495822362283086,0,0.2212838925846427
VAF1,V,A,-12,VAF,1,fu_sp,0.3098780487804878,0.335,3419.047619047619,3992.209178228388,17.921969151554283,0,0.281987234107269
VAG9,V,A,-28,VAG,9,fu_se,0.38142857142857145,0.405,3259.5184590690205,3398.8870410643467,73.13584064847005,0,0.4124977433944527
VAG8,V,A,-28,VAG,8,fu_se,NA,NA,NA,NA,NA,0,NA
VAG7,V,A,-28,VAG,7,fu_se,NA,NA,NA,NA,NA,0,NA
VAG6,V,A,-28,VAG,6,fu_se,NA,NA,NA,NA,NA,0,NA
VAG5,V,A,-28,VAG,5,fu_se,NA,NA,NA,NA,NA,0,NA
VAG4,V,A,-28,VAG,4,fu_se,NA,NA,NA,NA,NA,0,NA
VAG3,V,A,-28,VAG,3,fu_se,NA,NA,NA,NA,NA,0,NA
VAG2,V,A,-28,VAG,2,fu_se,0.3476,0.32666666666666666,3874.913693901036,3995.9526774595265,40.2815991578343,0,-1.2416929098003124
VAG1,V,A,-28,VAG,1,fu_se,0.3225,0.3516666666666667,3867.4653511862816,4191.357005229837,48.298926579693905,0,-0.23794504124688562
VAH9,V,A,-40,VAH,9,as_no,NA,NA,NA,NA,NA,0,NA
VAH8,V,A,-40,VAH,8,as_no,0.3387214611872146,1.6266666666666667,1386.0204906983015,NA,18.379415197987854,17.523124512662616,0.6797469011233885
VAH7,V,A,-40,VAH,7,as_no,0.28425076452599385,1.5933333333333335,1813.1898870360408,NA,21.120831719845956,15.110288925926595,3.298591770584217
VAH6,V,A,-40,VAH,6,as_no,0.34413793103448276,NA,878.7575150300602,NA,24.79695198241311,0,0.7538492102423593
VAH5,V,A,-40,VAH,5,as_no,0.3060396039603961,1.575,1780.6049822064058,NA,12.767465273589371,23.677302639284314,1.2806664689103606
VAH4,V,A,-40,VAH,4,as_no,0.2890845070422536,1.2516666666666667,1996.638246041413,NA,13.687137310566527,24.95008752673131,1.1045940885391734
VAH3,V,A,-40,VAH,3,as_no,0.32291390728476826,1.45,1410.9721082854799,NA,16.530869685356272,28.052695680332153,1.1682621260702835
VAH2,V,A,-40,VAH,2,as_no,0.3277165354330709,1.403333333333333,1418.1643440653531,NA,16.2342502413519,34.27521365069805,1.3164881596299416
VAH1,V,A,-40,VAH,1,as_no,0.3396410256410256,1.7266666666666666,1237.1432885399367,NA,16.895274700802535,0,0.7478855047640628
VBE9,V,B,-5,VBE,9,as_no,0.3019270833333334,1.3066666666666666,1861.0143177505604,NA,18.464326912873663,36.69978514767996,0.2800812646766404
VBE8,V,B,-5,VBE,8,as_no,0.3259893048128342,1.6266666666666667,1550.4921259842517,NA,16.66813624003188,16.50366849385819,0.35489140252906665
VBE6,V,B,-5,VBE,6,as_no,0.29708661417322835,1.2766666666666666,1878.6111847336335,NA,19.477022169951308,42.23206450836848,0.2767572980527108
VBE5,V,B,-5,VBE,5,as_no,0.30752688172043013,1.24,1942.4125874125868,NA,15.407849119400913,31.226991593094628,0.720388984271033
VBE4,V,B,-5,VBE,4,as_no,0.2537499999999999,NA,1465.5172413793111,NA,18.72443092415819,0,-1.4070425357073137
VBE3,V,B,-5,VBE,3,as_no,0.33132743362831857,1.495,1545.3792735042737,NA,18.584698997192653,24.682983306089035,0.2872286167919808
VBE2,V,B,-5,VBE,2,as_no,0.3099264705882353,1.475,1576.7971530249113,NA,18.472031528802276,29.573455114860213,0.5902877784962293
VBE1,V,B,-5,VBE,1,as_no,0.33145161290322583,1.4233333333333331,1577.6399026763988,Inf,14.930208568389155,42.29862770541351,0.21512059277847004
VBF9,V,B,-12,VBF,9,fu_ve,0.3498224852071007,0.29,2932.54397834912,3943.1787360998105,33.46529875594761,54.200621293259346,0.7385671795578628
VBF8,V,B,-12,VBF,8,fu_ve,0.288215859030837,0.225,3752.923194497516,4917.908562768374,29.418283942422665,43.284272156635645,0.8377337645727703
VBF7,V,B,-12,VBF,7,fu_ve,0.3084328358208956,0.31833333333333336,3568.1345269779813,4786.477007014809,34.99889642798659,42.10783126984277,0.7387810868876418
VBF6,V,B,-12,VBF,6,fu_ve,0.3188461538461539,0.25833333333333336,4026.574185765983,5110.573445841226,35.66503799927133,46.40007291984731,1.4281170314986942
VBF4,V,B,-12,VBF,4,fu_ve,0.27485714285714286,0.3283333333333333,3223.947505197505,4644.8503827418235,25.668520564611242,37.958734104990604,0.9630015934431181
VBF3,V,B,-12,VBF,3,fu_ve,0.29370370370370374,0.375,2690.3817493981423,3748.62087614927,31.491640052601912,64.3084700475746,1.4136073854422144
VBF2,V,B,-12,VBF,2,fu_ve,0.2921025641025641,0.2916666666666667,4109.954353932584,5586.789173081698,36.50267958355358,31.16001028040888,1.1845692950386475
VBF1,V,B,-12,VBF,1,fu_ve,0.28801020408163264,0.30000000000000004,2934.9335695305585,4001.3768812039702,38.28946881875497,54.13445537643691,1.2208129999372832
VBG6,V,B,-28,VBG,6,fu_ve,NA,NA,NA,NA,NA,0,NA
VBG9,V,B,-28,VBG,9,fu_ve,NA,NA,NA,NA,NA,0,NA
VBG8,V,B,-28,VBG,8,fu_ve,NA,NA,NA,NA,NA,0,NA
VBG7,V,B,-28,VBG,7,fu_ve,NA,NA,NA,NA,NA,0,NA
VBG5,V,B,-28,VBG,5,fu_ve,0.27902684563758384,0.36,3399.422730006013,3959.880697460997,41.69480374846407,34.88861748919859,1.9014611803250316
VBG4,V,B,-28,VBG,4,fu_ve,NA,NA,NA,NA,NA,0,NA
VBG3,V,B,-28,VBG,3,fu_ve,0.2627096774193549,0.2783333333333333,3897.2003929273073,5249.0755757379175,26.503508883269927,49.93218972012066,1.7117686072508094
VBG1,V,B,-28,VBG,1,fu_ve,NA,NA,NA,NA,NA,0,NA
VBH9,V,B,-40,VBH,9,fu_sp,0.34626373626373624,0.2816666666666667,3100.571247223104,3238.002636783124,34.54055640208872,0,0.16633311595429784
VBH8,V,B,-40,VBH,8,fu_sp,0.3442268041237113,0.29000000000000004,3324.7079964061104,3486.2034902864675,29.576856879472686,0,-0.6596405437647913
VBH7,V,B,-40,VBH,7,fu_sp,NA,NA,NA,NA,NA,0,NA
VBH6,V,B,-40,VBH,6,fu_sp,NA,NA,NA,NA,NA,0,NA
VBH5,V,B,-40,VBH,5,fu_sp,0.2736904761904761,0.32833333333333337,2890.0826446281,3021.415270018623,27.915702083499642,0,-0.07330038255049105
VBH4,V,B,-40,VBH,4,fu_sp,NA,NA,NA,NA,NA,0,NA
VBH3,V,B,-40,VBH,3,fu_sp,0.35033333333333316,0.4583333333333333,2564.0342530922944,2983.3333333333335,21.740673809216474,0,-0.9584811258942156
VBH2,V,B,-40,VBH,2,fu_sp,0.32392523364485976,0.26166666666666666,NA,NA,NA,0,1.115979565182429
VBH1,V,B,-40,VBH,1,fu_sp,0.35175438596491226,NA,2977.4064837905244,3687.0279146141215,14.56720773833345,0,-1.0122032176772318
VCE8,V,C,-5,VCE,8,fu_sp,0.34278571428571425,0.35,3445.1552406751407,4779.758203799655,20.810294067669673,0,-0.05002978510726308
VCE6,V,C,-5,VCE,6,fu_sp,0.39220588235294124,0.315,3362.823397075365,3837.688442211055,26.330600058129804,0,0.3023042813052993
VCE9,V,C,-5,VCE,9,fu_sp,0.34675213675213673,0.33333333333333337,3537.663298003451,4851.492537313433,17.860004977600795,0,-0.2561363434743189
VCE7,V,C,-5,VCE,7,fu_sp,0.3346601941747573,0.3433333333333333,3075.1378009863647,4311.2231182795695,17.381807806399458,0,-0.10719933665296733
VCE4,V,C,-5,VCE,4,fu_sp,0.32084905660377355,0.32,4237.503675389592,4662.748971193416,31.25487959332385,0,0.42199810615002814
VCE3,V,C,-5,VCE,3,fu_sp,0.3749514563106796,0.3566666666666667,3118.1512169860175,3648.1631277384563,21.81145389769049,0,0.17292568462489327
VCE2,V,C,-5,VCE,2,fu_sp,0.3626086956521739,0.2966666666666667,4066.037170263789,4698.383573612931,22.888736270689936,0,-0.15148637809862842
VCE1,V,C,-5,VCE,1,fu_sp,0.37909090909090915,0.355,3184.069886947584,NA,18.447586647665247,0,0.06396865579874816
VCF9,V,C,-12,VCF,9,fu_se,0.30263157894736853,0.27666666666666667,4595.478260869564,NA,39.00681999350477,0,-1.6134536255596983
VCF8,V,C,-12,VCF,8,fu_se,NA,NA,NA,NA,NA,0,NA
VCF7,V,C,-12,VCF,7,fu_se,NA,NA,NA,NA,NA,0,NA
VCF6,V,C,-12,VCF,6,fu_se,0.3039726027397261,0.5433333333333333,4078.3235691753043,4072.2085587801266,43.523929071260596,0,-0.9862194369108573
VCF5,V,C,-12,VCF,5,fu_se,0.25341463414634147,0.4533333333333333,4516.073147256978,6840.09433962264,28.813371978777752,0,-1.4315365300598581
VCF4,V,C,-12,VCF,4,fu_se,NA,NA,NA,NA,NA,0,NA
VCF3,V,C,-12,VCF,3,fu_se,0.28318181818181815,0.31,4551.926163723916,5163.392857142859,37.1301194092385,0,-1.347711588615573
VCF2,V,C,-12,VCF,2,fu_se,0.31088050314465404,0.43333333333333335,4198.159012745296,4356.8736141906875,44.68011351158154,0,-0.37250122123398044
VCF1,V,C,-12,VCF,1,fu_se,0.20926470588235296,0.455,3959.100491918482,4710.71752951862,41.13373684863796,0,-1.2327507867934295
VCG9,V,C,-28,VCG,9,fu_sp,NA,NA,NA,NA,NA,0,NA
VCG8,V,C,-28,VCG,8,fu_sp,0.3028735632183908,0.2916666666666667,3589.2599620493365,4335.054174633526,25.560315122359906,0,-0.791400222563
VCG7,V,C,-28,VCG,7,fu_sp,NA,NA,NA,NA,NA,0,NA
VCG6,V,C,-28,VCG,6,fu_sp,NA,NA,NA,NA,NA,0,NA
VCG5,V,C,-28,VCG,5,fu_sp,0.3620987654320987,NA,3390.521650187522,3736.9565217391314,27.850391385322,0,0.5701529458631237
VCG4,V,C,-28,VCG,4,fu_sp,0.33653846153846156,0.33,3656.9142857142856,4076.7918088737206,25.720348746858438,0,0.14461178632770813
VCG3,V,C,-28,VCG,3,fu_sp,0.3138333333333334,0.32833333333333337,3649.044078597981,3940.6990179087225,26.370347343353924,0,0.24567548164430328
VCG2,V,C,-28,VCG,2,fu_sp,NA,NA,NA,NA,NA,0,NA
VCG1,V,C,-28,VCG,1,fu_sp,0.3352631578947368,0.32333333333333336,3224.2543171114603,4688.799999999999,13.805956354127805,0,-0.8353435026777978
VCH8,V,C,-40,VCH,8,fu_se,0.3388888888888889,0.35333333333333333,3786.935687263556,3965.9359190556497,62.04269174510565,0,0.4744623128254097
VCH6,V,C,-40,VCH,6,fu_se,0.354375,0.31666666666666665,3781.0646143979475,3911.2115418042763,68.10633627909664,0,0.20118126310821424
VCH5,V,C,-40,VCH,5,fu_se,0.32310344827586207,0.3833333333333333,3371.411419423692,3537.201934300484,60.59147905727781,0,0.5777408523033368
VCH4,V,C,-40,VCH,4,fu_se,NA,NA,NA,NA,NA,0,NA
VCH3,V,C,-40,VCH,3,fu_se,0.31328947368421056,0.3416666666666667,3607.832843343133,NA,53.368186279991555,0,0.462645514367518
VCH2,V,C,-40,VCH,2,fu_se,0.3544709897610921,0.3616666666666667,3503.2447525515117,3494.969564718043,53.9956518190385,0,0.6363956584064335
VCH1,V,C,-40,VCH,1,fu_se,NA,NA,NA,NA,NA,0,NA
VDE9,V,D,-5,VDE,9,fu_se,0.2855,0.13166666666666663,5580.91068301226,5628.373382624768,40.12010726560828,0,-1.3197497493780455
VDE8,V,D,-5,VDE,8,fu_se,NA,NA,NA,NA,NA,0,NA
VDE7,V,D,-5,VDE,7,fu_se,0.2978947368421052,NA,5060.247349823323,6347.398843930638,25.093527953249165,0,-1.5543894046159248
VDE6,V,D,-5,VDE,6,fu_se,0.2822857142857142,0.15166666666666667,5673.785425101216,6808.273381294964,24.3156255557628,0,-1.5037029369942656
VDE5,V,D,-5,VDE,5,fu_se,0.28599999999999987,0.15833333333333333,5376.4568764568785,6670.461538461543,27.89671020803096,0,-1.6300343991333293
VDE4,V,D,-5,VDE,4,fu_se,0.3125,NA,4441.5999999999995,5736.619718309864,26.860183841315912,0,-1.7110466653490803
VDE3,V,D,-5,VDE,3,fu_se,0.27818181818181803,NA,5885.294117647062,7274.55621301775,20.7090453301442,0,-1.7131611433600014
VDE2,V,D,-5,VDE,2,fu_se,NA,NA,NA,NA,NA,0,NA
VDE1,V,D,-5,VDE,1,fu_se,0.3139285714285716,0.11666666666666668,5366.325369738336,6543.410852713173,23.57368463137694,0,-1.6569393858484107
VDF9,V,D,-12,VDF,9,as_no,0.3041558441558441,1.425,1662.2046683746087,NA,16.354167468949043,19.58882433228956,3.328448342673496
VDF8,V,D,-12,VDF,8,as_no,0.319078947368421,1.24,2121.360824742268,NA,14.222107950673395,19.468805937380377,0.9630071148489413
VDF7,V,D,-12,VDF,7,as_no,0.3331496062992126,1.565,1588.1115575514063,NA,18.9489031333809,15.315666383371651,0.7104099143242646
VDF6,V,D,-12,VDF,6,as_no,0.30490706319702604,1.2916666666666667,1846.5740063399169,NA,15.298956742385673,39.06779725502917,1.2054716555278748
VDF5,V,D,-12,VDF,5,as_no,NA,NA,NA,NA,NA,0,NA
VDF4,V,D,-12,VDF,4,as_no,0.33851190476190474,1.6783333333333337,1450.6593986284508,NA,14.426861918393685,34.087781022949564,0.6308073788016937
VDF3,V,D,-12,VDF,3,as_no,0.30401129943502825,1.231666666666667,1795.0938487270025,NA,17.1251079250207,46.45890670917328,0.8863045522481513
VDF2,V,D,-12,VDF,2,as_no,0.30251063829787234,1.6083333333333334,1512.6881417920947,NA,15.071399840508356,29.3020870564112,0.7690791859440882
VDF1,V,D,-12,VDF,1,as_no,0.29568181818181816,1.2416666666666667,1893.04381245196,NA,15.704981730607766,38.53944561974873,1.0229236011453078
VDH9,V,D,-40,VDH,9,fu_ve,0.2996825396825397,0.27666666666666667,3307.909604519774,5117.146776406035,23.2999180473634,39.048044281907025,0.9747485846200502
VDH8,V,D,-40,VDH,8,fu_ve,0.37311111111111117,0.30666666666666664,2702.422076632916,2839.486754966887,28.90073143026996,0,0.6581535928681587
VDH7,V,D,-40,VDH,7,fu_ve,0.3226515151515152,0.26666666666666666,3336.663536041324,4097.894736842105,33.790142713797245,22.86672276620887,1.866584140495958
VDH6,V,D,-40,VDH,6,fu_ve,NA,NA,NA,NA,NA,0,NA
VDH5,V,D,-40,VDH,5,fu_ve,0.3073461538461538,0.26,2982.4677762482797,4213.77345048682,27.739123350171095,50.82531576224358,1.4568539520018997
VDH4,V,D,-40,VDH,4,fu_ve,0.29046388888888885,0.3566666666666667,2497.5757170044085,3825.5092297899428,24.04377822909551,36.265700920914014,1.7662999160403814
VDH3,V,D,-40,VDH,3,fu_ve,0.3253333333333333,0.3,3688.7636612021865,4553.008233058898,28.602488255202402,41.01428369003506,1.530792886552212
VDH2,V,D,-40,VDH,2,fu_ve,NA,NA,NA,NA,NA,0,NA
VDH1,V,D,-40,VDH,1,fu_ve,0.2735725298202572,0.205,3708.386927418296,4900.204498977505,28.311332268517866,46.66990719305777,1.4502062685610204
VDG9,V,D,-28,VDG,9,as_no,0.3527111111111111,2.1233333333333335,1215.8644153225807,NA,15.197563123020394,18.579311392197702,1.0071841585163914
VDG7,V,D,-28,VDG,7,as_no,0.3179295154185022,1.4366666666666663,1506.3461271996675,NA,16.94819337026049,33.95375183317221,1.135594594331839
VDG6,V,D,-28,VDG,6,as_no,0.3485152838427948,1.54,1378.7370003758929,NA,18.08323048530574,0,1.1290300545739196
VDG5,V,D,-28,VDG,5,as_no,0.3163366336633664,1.25,1725.6494522691708,NA,17.93327207526611,0,1.0656132723587273
VDG4,V,D,-28,VDG,4,as_no,0.31975000000000003,1.4633333333333334,1742.09538702111,NA,16.808640969468733,31.440489418255936,1.0497599808984746
VDG2,V,D,-28,VDG,2,as_no,0.3032692307692308,1.4216666666666666,1985.0982878883958,NA,13.08033861384484,0,1.4777197214384534
VDG1,V,D,-28,VDG,1,as_no,NA,NA,NA,NA,NA,0,NA
WDE9,W,D,-5,WDE,9,fu_se,NA,NA,NA,NA,NA,0,NA
WDE8,W,D,-5,WDE,8,fu_se,NA,NA,NA,NA,NA,0,NA
WDE7,W,D,-5,WDE,7,fu_se,NA,NA,NA,NA,NA,0,NA
WDE6,W,D,-5,WDE,6,fu_se,0.29222222222222216,0.2866666666666667,4530.101394169836,5097.9464285714275,39.90588051402861,0,-1.2117819560552032
WDE5,W,D,-5,WDE,5,fu_se,NA,NA,NA,NA,NA,0,NA
WDE4,W,D,-5,WDE,4,fu_se,NA,NA,NA,NA,NA,0,NA
WDE3,W,D,-5,WDE,3,fu_se,NA,NA,NA,NA,NA,0,NA
WDE2,W,D,-5,WDE,2,fu_se,0.2633333333333334,NA,2569.1983122362863,NA,18.870672823627856,0,-1.637998920029168
WDE1,W,D,-5,WDE,1,fu_se,NA,NA,NA,NA,NA,0,NA
WCF9,W,C,-12,WCF,9,fu_se,0.27229508196721314,0.36833333333333335,4152.01685731487,5260.393258426967,29.798477345984672,0,-0.7580911020396236
WCF8,W,C,-12,WCF,8,fu_se,NA,NA,NA,NA,NA,0,NA
WCF6,W,C,-12,WCF,6,fu_se,NA,NA,NA,NA,NA,0,NA
WCF5,W,C,-12,WCF,5,fu_se,NA,NA,NA,NA,NA,0,NA
WCF4,W,C,-12,WCF,4,fu_se,NA,NA,NA,NA,NA,0,NA
WCF1,W,C,-12,WCF,1,fu_se,0.3211538461538461,0.42166666666666663,4400.359281437126,4916.043307086615,36.15654090649662,0,-0.9768182262651542
WCF7,W,C,-12,WCF,7,fu_se,0.32639999999999997,0.38333333333333336,3493.658088235294,3824.979044425817,52.571331098929974,0,-0.5303221293682253
WCF3,W,C,-12,WCF,3,fu_se,0.33530612244897956,0.36333333333333334,3770.84601339014,3992.673107890499,44.13315097377156,0,-0.9166339175563558
WDH9,W,D,-40,WDH,9,fu_se,0.3183842794759826,0.425,3270.717322726649,3431.0743801652893,47.768596696814,0,0.7033679946546328
WDH8,W,D,-40,WDH,8,fu_se,NA,NA,NA,NA,NA,0,NA
WDH7,W,D,-40,WDH,7,fu_se,NA,NA,NA,NA,NA,0,NA
WDH6,W,D,-40,WDH,6,fu_se,NA,NA,NA,NA,NA,0,NA
WDH5,W,D,-40,WDH,5,fu_se,NA,NA,NA,NA,NA,0,NA
WDH4,W,D,-40,WDH,4,fu_se,0.3063157894736842,0.39166666666666666,3826.975945017182,4160.798816568047,58.96175634894023,0,1.1882872414458943
WDH3,W,D,-40,WDH,3,fu_se,NA,NA,NA,NA,NA,0,NA
WDH2,W,D,-40,WDH,2,fu_se,NA,NA,NA,NA,NA,0,NA
WDH1,W,D,-40,WDH,1,fu_se,NA,NA,NA,NA,NA,0,NA
WDG9,W,D,-28,WDG,9,fu_se,NA,NA,NA,NA,NA,0,NA
WDG8,W,D,-28,WDG,8,fu_se,0.3338805970149254,0.29833333333333334,3459.991059454627,3870.4813805631243,57.546468401487,0,-0.43899730692325095
WDG7,W,D,-28,WDG,7,fu_se,NA,NA,NA,NA,NA,0,NA
WDG6,W,D,-28,WDG,6,fu_se,NA,NA,NA,NA,NA,0,NA
WDG5,W,D,-28,WDG,5,fu_se,NA,NA,NA,NA,NA,0,NA
WDG4,W,D,-28,WDG,4,fu_se,NA,NA,NA,NA,NA,0,NA
WDG3,W,D,-28,WDG,3,fu_se,NA,NA,NA,NA,NA,0,NA
WDG2,W,D,-28,WDG,2,fu_se,NA,NA,NA,NA,NA,0,NA
WDG1,W,D,-28,WDG,1,fu_se,NA,NA,NA,NA,NA,0,NA
ZBE9,Z,B,-5,ZBE,9,as_no,NA,NA,NA,NA,NA,0,NA
ZBE8,Z,B,-5,ZBE,8,as_no,0.341875,1.6983333333333333,1736.430114675087,NA,13.700431805992832,0,0.8338499839196525
ZBE7,Z,B,-5,ZBE,7,as_no,0.30560538116591923,1.1,1868.393250183419,NA,14.350453512694749,34.83610600684934,0.8517803415050001
ZBE6,Z,B,-5,ZBE,6,as_no,0.3004489795918367,1.1716666666666666,1865.113435674501,NA,15.404769171386766,45.2350646595408,1.1006680201709487
ZBE4,Z,B,-5,ZBE,4,as_no,0.3318803418803419,1.3616666666666666,1794.154004635591,NA,18.501443371247834,25.606312925834292,0.5876524908790453
ZBE3,Z,B,-5,ZBE,3,as_no,0.3167307692307692,1.385,1737.2191863995145,NA,18.467337494271717,24.499463292475596,1.0839308918842805
ZBE1,Z,B,-5,ZBE,1,as_no,0.32670391061452514,1.29,1728.1121751025992,NA,15.566156163695705,16.004502109395883,0.6259833316522618
ZAG9,Z,A,-28,ZAG,9,as_no,0.30704845814977977,1.805,1549.3974175035867,NA,14.452599093709766,25.96208563081378,0.89826734709876
ZAG8,Z,A,-28,ZAG,8,as_no,NA,NA,NA,NA,NA,0,NA
ZAG7,Z,A,-28,ZAG,7,as_no,0.29254032258064516,1.475,1913.7422467263955,NA,12.92291597247172,34.35327597309307,0.8937575489508136
ZAG6,Z,A,-28,ZAG,6,as_no,0.338974358974359,1.545,1870.0832072617245,NA,13.446750108101591,21.545970796178104,1.138683757609114
ZAG5,Z,A,-28,ZAG,5,as_no,NA,NA,NA,NA,NA,0,NA
ZAG4,Z,A,-28,ZAG,4,as_no,0.29848484848484846,1.43,1766.7411167512691,NA,15.807602589909239,36.487126859966736,0.9476210205455723
ZAG3,Z,A,-28,ZAG,3,as_no,NA,NA,NA,NA,NA,0,NA
ZAG2,Z,A,-28,ZAG,2,as_no,NA,NA,NA,NA,NA,0,NA
ZAG1,Z,A,-28,ZAG,1,as_no,0.32043209876543216,1.8666666666666667,1487.6131766518972,NA,13.900524361289067,15.735197263212216,0.7264871384910945
ZDH9,Z,D,-40,ZDH,9,as_no,NA,NA,NA,NA,NA,0,NA
ZDH8,Z,D,-40,ZDH,8,as_no,0.3237121212121213,1.535,1463.164053358296,NA,14.292866483169803,43.132873627568735,0.5676406665912433
ZDH7,Z,D,-40,ZDH,7,as_no,NA,NA,NA,NA,NA,0,NA
ZDH6,Z,D,-40,ZDH,6,as_no,0.33253807106598987,1.5666666666666669,1432.4988551366205,NA,16.101375024449837,33.24944140572314,0.6900428714162699
ZDH5,Z,D,-40,ZDH,5,as_no,NA,NA,NA,NA,NA,0,NA
ZDH4,Z,D,-40,ZDH,4,as_no,NA,NA,NA,NA,NA,0,NA
ZDH3,Z,D,-40,ZDH,3,as_no,NA,NA,NA,NA,NA,0,NA
ZDH2,Z,D,-40,ZDH,2,as_no,0.3215929203539822,1.4466666666666668,1567.7765547605948,NA,17.05972535797486,21.439597635945756,0.52688521644596
ZDH1,Z,D,-40,ZDH,1,as_no,NA,NA,NA,NA,NA,0,NA
ZDF9,Z,D,-12,ZDF,9,as_no,0.34266331658291455,1.6566666666666667,1657.9997067018626,NA,14.937388193202146,21.393605581770878,0.8505729322533915
ZDF8,Z,D,-12,ZDF,8,as_no,0.3253153153153154,1.37,1871.0883411797283,NA,12.255422115082885,15.433911291798093,0.8545839918915403
ZDF7,Z,D,-12,ZDF,7,as_no,0.3407659574468085,1.4233333333333331,1663.7737262737267,NA,17.660891269566694,37.60914282269499,0.8848558841595509
ZDF6,Z,D,-12,ZDF,6,as_no,NA,NA,NA,NA,NA,0,NA
ZDF5,Z,D,-12,ZDF,5,as_no,0.3075609756097561,1.125,2004.8691514670895,NA,14.576284867563794,31.10268076562723,1.3037965723071103
ZDF4,Z,D,-12,ZDF,4,as_no,NA,NA,NA,NA,NA,0,NA
ZDF3,Z,D,-12,ZDF,3,as_no,0.29448132780082986,1.62,1968.2823728335918,NA,14.216262975778546,21.720090113588725,1.4557321602373605
ZDF2,Z,D,-12,ZDF,2,as_no,NA,NA,NA,NA,NA,0,NA
ZDF1,Z,D,-12,ZDF,1,as_no,NA,NA,NA,NA,NA,0,NA
ZAF9,Z,A,-12,ZAF,9,fu_ve,0.3359119496855346,0.3933333333333333,3365.231230106722,4326.455823293173,28.209172607108442,29.331726953568804,1.0742995082163964
ZAF8,Z,A,-12,ZAF,8,fu_ve,0.3037885462555066,0.3716666666666667,3933.7006960556837,5150.7647323436795,28.472077174413876,36.080936508745886,1.4021677865939373
ZAF7,Z,A,-12,ZAF,7,fu_ve,NA,NA,NA,NA,NA,0,NA
ZAF6,Z,A,-12,ZAF,6,fu_ve,0.3085074626865671,0.38,3656.0474117077893,4837.944954128441,31.841346285516853,35.26122378484916,0.854474886230072
ZAF5,Z,A,-12,ZAF,5,fu_ve,0.27920529801324506,0.3466666666666667,3812.5948766603415,5463.391542183884,30.06892474958775,35.419917172826096,0.7973546784279703
ZAF4,Z,A,-12,ZAF,4,fu_ve,0.28338775510204084,0.30333333333333334,4675.471698113207,7267.487922705313,28.36848319177552,65.45927368850977,1.271170459486304
ZAF3,Z,A,-12,ZAF,3,fu_ve,0.234294670846395,0.365,3727.3748996521276,5665.998821449617,33.26646223215736,25.500395279339145,1.2662949919669364
ZAF2,Z,A,-12,ZAF,2,fu_ve,0.267421875,0.35333333333333333,3414.8407829389425,4855.125448028673,27.08275892428922,64.61236424560953,1.1480679002101637
ZAF1,Z,A,-12,ZAF,1,fu_ve,0.29624999999999996,0.32333333333333336,3197.4055121644674,5625.89536516854,33.98609673125278,54.60205922748756,1.7703797411651485
ZAE9,Z,A,-5,ZAE,9,fu_sp,NA,NA,NA,NA,NA,0,NA
ZAE8,Z,A,-5,ZAE,8,fu_sp,0.27037735849056616,NA,4172.505233775295,5992.604501607714,9.562696017515828,0,-0.7431364721908812
ZAE7,Z,A,-5,ZAE,7,fu_sp,0.3181746031746032,0.3383333333333333,4041.0950361686205,5111.988815099616,32.201144479051344,0,0.9444321931921639
ZAE6,Z,A,-5,ZAE,6,fu_sp,NA,NA,NA,NA,NA,0,NA
ZAE5,Z,A,-5,ZAE,5,fu_sp,0.27897526501766784,0.255,4965.573147561748,5512.416346290759,38.169010656268405,0,1.2747259010937342
ZAE4,Z,A,-5,ZAE,4,fu_sp,0.286403162055336,0.2866666666666667,3109.7709080872205,3864.4881889763774,20.122359059812347,0,0.819021903732351
ZAE3,Z,A,-5,ZAE,3,fu_sp,NA,NA,NA,NA,NA,0,NA
ZAE2,Z,A,-5,ZAE,2,fu_sp,0.2965060240963855,0.245,3873.466070702966,4455.488418932528,20.267379906536092,0,0.3395523858753374
ZAE1,Z,A,-5,ZAE,1,fu_sp,0.3123655913978495,0.325,3265.1979345955247,4017.6917760884585,21.12264871521368,0,0.09276646132743285
ZBF9,Z,B,-12,ZBF,9,fu_se,0.27710526315789474,0.345,4527.825261158594,4890.229191797346,36.11449867064589,0,-1.4372633334477456
ZBF8,Z,B,-12,ZBF,8,fu_se,NA,NA,NA,NA,NA,0,NA
ZBF7,Z,B,-12,ZBF,7,fu_se,NA,NA,NA,NA,NA,0,NA
ZBF6,Z,B,-12,ZBF,6,fu_se,NA,NA,NA,NA,NA,0,NA
ZBF5,Z,B,-12,ZBF,5,fu_se,NA,NA,NA,NA,NA,0,NA
ZBF4,Z,B,-12,ZBF,4,fu_se,NA,NA,NA,NA,NA,0,NA
ZBF3,Z,B,-12,ZBF,3,fu_se,NA,NA,NA,NA,NA,0,NA
ZBF1,Z,B,-12,ZBF,1,fu_se,NA,NA,NA,NA,NA,0,NA
ZAH9,Z,A,-40,ZAH,9,fu_ve,NA,NA,NA,NA,NA,0,NA
ZAH8,Z,A,-40,ZAH,8,fu_ve,0.26692015209125475,0.43333333333333335,3222.1509971509968,4724.8244192328475,26.67337249916865,36.0003247044697,1.2742792721518803
ZAH7,Z,A,-40,ZAH,7,fu_ve,0.3115315315315315,0.30333333333333334,2689.4447657605556,3801.642710472279,20.45569520022171,42.13259135421638,0.7639275112036931
ZAH6,Z,A,-40,ZAH,6,fu_ve,0.29650943396226415,0.32666666666666666,3529.5895641107227,4686.927341698279,29.53053542812422,39.50230406295534,1.3061649130490047
ZAH5,Z,A,-40,ZAH,5,fu_ve,0.30353075170842825,0.30333333333333334,3144.0225140712946,3828.3800593244664,37.50647950774542,19.122259523989204,1.6592551778779963
ZAH4,Z,A,-40,ZAH,4,fu_ve,0.2605066666666666,0.32,2859.136042583684,4223.640732952838,30.24425264019595,42.41487749690501,1.3604029050318236
ZAH3,Z,A,-40,ZAH,3,fu_ve,0.29738983050847456,0.38333333333333336,3078.2400547133248,4867.802419354839,27.083074256968985,56.042794833809126,1.5032640122385044
ZAH2,Z,A,-40,ZAH,2,fu_ve,NA,NA,NA,NA,NA,0,NA
ZAH1,Z,A,-40,ZAH,1,fu_ve,0.2929545454545454,0.35333333333333333,2612.179984484096,3809.577015163608,27.53744678936973,49.7715366768878,-0.4262897536468956
ZBH8,Z,B,-40,ZBH,8,fu_sp,0.30126506024096383,0.46,3556.5686862627476,4116.831357048748,22.454825608479773,0,0.5014166021092615
ZBH7,Z,B,-40,ZBH,7,fu_sp,0.31453488372093025,0.4033333333333333,3240.8317929759705,3962.4417520969246,21.634204275534444,0,0.4329557951036581
ZBH6,Z,B,-40,ZBH,6,fu_sp,0.28255102040816327,0.3433333333333333,4015.85409895269,4731.927272727273,19.04431611108828,0,-0.12498857958546787
ZBH4,Z,B,-40,ZBH,4,fu_sp,0.28064814814814815,0.36833333333333335,3665.291982843946,3983.575498575499,33.988072535626365,0,1.1434090425537995
ZBH3,Z,B,-40,ZBH,3,fu_sp,0.27559259259259256,0.29333333333333333,3616.4090848004303,4163.35111390022,19.907158075397998,0,0.2632733147189628
ZBH2,Z,B,-40,ZBH,2,fu_sp,0.315,0.39,3879.4708994709,4284.2026825633375,16.804792856553508,0,-0.9168938186081501
ZBH1,Z,B,-40,ZBH,1,fu_sp,0.2835384615384615,NA,2755.8871405317414,NA,12.228599769830453,0,-1.1079854915933773
ZBG9,Z,B,-28,ZBG,9,fu_ve,NA,NA,NA,NA,NA,0,NA
ZBG8,Z,B,-28,ZBG,8,fu_ve,NA,NA,NA,NA,NA,0,NA
ZBG7,Z,B,-28,ZBG,7,fu_ve,0.23812680115273774,0.3383333333333333,2984.1219895921577,3795.5816050495946,32.775157776088214,40.149120684870155,1.5958681567277166
ZBG6,Z,B,-28,ZBG,6,fu_ve,0.3149738219895288,0.3,3242.4700797872342,4862.28635472121,26.02510359770204,52.847270037115536,1.156673380455308
ZBG5,Z,B,-28,ZBG,5,fu_ve,NA,NA,NA,NA,NA,0,NA
ZBG4,Z,B,-28,ZBG,4,fu_ve,0.27364806866952784,0.33666666666666667,3565.715181932246,4847.126852186484,33.89762276799026,36.19861045855241,2.062609701931478
ZBG3,Z,B,-28,ZBG,3,fu_ve,0.30223404255319153,0.2866666666666667,4022.0696937697985,5384.350230414746,35.50612654976332,33.419891344065995,0.8723861318132504
ZBG2,Z,B,-28,ZBG,2,fu_ve,NA,NA,NA,NA,NA,0,NA
ZBG1,Z,B,-28,ZBG,1,fu_ve,NA,NA,NA,NA,NA,0,NA
ZCF9,Z,C,-12,ZCF,9,fu_sp,0.2578350515463918,0.4033333333333333,3783.206717313074,4200.520156046814,13.400976980481634,0,-0.05321969858636502
ZCF8,Z,C,-12,ZCF,8,fu_sp,NA,NA,NA,NA,NA,0,NA
ZCF7,Z,C,-12,ZCF,7,fu_sp,0.27634980988593155,0.39,3686.626307099615,3962.6784605834887,26.2515957545825,0,1.2780824112575677
ZCF6,Z,C,-12,ZCF,6,fu_sp,NA,NA,NA,NA,NA,0,NA
ZCF5,Z,C,-12,ZCF,5,fu_sp,0.2608588957055215,0.42,3761.9943555973655,4366.948356807511,22.406248424166698,0,0.651483983208668
ZCF4,Z,C,-12,ZCF,4,fu_sp,0.2775213675213675,0.275,3336.4028333846627,4455.117527299648,33.45201114109793,0,1.4033375624057594
ZCF3,Z,C,-12,ZCF,3,fu_sp,0.26196531791907507,0.43333333333333335,3755.097087378642,4445.922746781117,17.02208316746119,0,0.46217928642094697
ZCE9,Z,C,-5,ZCE,9,fu_se,NA,NA,NA,NA,NA,0,NA
ZCE8,Z,C,-5,ZCE,8,fu_se,0.24999999999999994,NA,2651.6190476190477,NA,16.988016498669854,0,-1.6496704982462143
ZCE3,Z,C,-5,ZCE,3,fu_se,NA,NA,NA,NA,NA,0,NA
ZCE1,Z,C,-5,ZCE,1,fu_se,NA,NA,NA,NA,NA,0,NA
ZCF2,Z,C,-12,ZCF,2,fu_sp,NA,NA,NA,NA,NA,0,NA
ZCF1,Z,C,-12,ZCF,1,fu_sp,0.27565874730021606,0.42333333333333334,3885.1758990832873,4598.620936688457,34.49054173239738,0,2.070785408052739
ZCE7,Z,C,-5,ZCE,7,fu_se,NA,NA,NA,NA,NA,0,NA
ZCE6,Z,C,-5,ZCE,6,fu_se,NA,NA,NA,NA,NA,0,NA
ZCE5,Z,C,-5,ZCE,5,fu_se,0.2177777777777777,NA,2330.6122448979595,NA,21.83869579767653,0,-1.7302163903941714
ZCE4,Z,C,-5,ZCE,4,fu_se,NA,NA,NA,NA,NA,0,NA
ZCG8,Z,C,-28,ZCG,8,fu_se,NA,NA,NA,NA,NA,0,NA
ZCG7,Z,C,-28,ZCG,7,fu_se,NA,NA,NA,NA,NA,0,NA
ZCG6,Z,C,-28,ZCG,6,fu_se,NA,NA,NA,NA,NA,0,NA
ZCG5,Z,C,-28,ZCG,5,fu_se,NA,NA,NA,NA,NA,0,NA
ZCG4,Z,C,-28,ZCG,4,fu_se,NA,NA,NA,NA,NA,0,NA
ZCG3,Z,C,-28,ZCG,3,fu_se,NA,NA,NA,NA,NA,0,NA
ZCG2,Z,C,-28,ZCG,2,fu_se,NA,NA,NA,NA,NA,0,NA
ZCG1,Z,C,-28,ZCG,1,fu_se,NA,NA,NA,NA,NA,0,NA
ZCH9,Z,C,-40,ZCH,9,fu_se,0.26960000000000006,0.32333333333333336,4692.878338278931,5904.411764705884,31.400774347264964,0,-1.5228327258020118
ZCH8,Z,C,-40,ZCH,8,fu_se,NA,NA,NA,NA,NA,0,NA
ZCH7,Z,C,-40,ZCH,7,fu_se,NA,NA,NA,NA,NA,0,NA
ZCH6,Z,C,-40,ZCH,6,fu_se,NA,NA,NA,NA,NA,0,NA
ZCH5,Z,C,-40,ZCH,5,fu_se,NA,NA,NA,NA,NA,0,NA
ZCH4,Z,C,-40,ZCH,4,fu_se,NA,NA,NA,NA,NA,0,NA
ZCH3,Z,C,-40,ZCH,3,fu_se,NA,NA,NA,NA,NA,0,NA
ZCH2,Z,C,-40,ZCH,2,fu_se,0.24640926640926641,0.39166666666666666,3428.0476339705424,3597.8357952593615,33.559385991689076,0,0.46618377486262635
ZCH1,Z,C,-40,ZCH,1,fu_se,NA,NA,NA,NA,NA,0,NA
ZDE9,Z,D,-5,ZDE,9,fu_ve,NA,NA,NA,NA,NA,0,NA
ZDE8,Z,D,-5,ZDE,8,fu_ve,NA,NA,NA,NA,NA,0,NA
ZDE7,Z,D,-5,ZDE,7,fu_ve,0.2975115207373272,0.37166666666666665,3268.5254027261462,4101.379310344828,33.442263378268294,41.261140688225794,1.04984233273152
ZDE6,Z,D,-5,ZDE,6,fu_ve,NA,NA,NA,NA,NA,0,NA
ZDE5,Z,D,-5,ZDE,5,fu_ve,0.33852941176470586,0.39,2543.4404865334495,3302.12389380531,21.79675226529868,0,-1.2825290711988644
ZDE4,Z,D,-5,ZDE,4,fu_ve,NA,NA,NA,NA,NA,0,NA
ZDE3,Z,D,-5,ZDE,3,fu_ve,NA,NA,NA,NA,NA,0,NA
ZDE1,Z,D,-5,ZDE,1,fu_ve,0.2850467289719626,0.32833333333333337,2786.5901639344265,4036.976506639428,30.93686754706542,71.78899724085056,0.07983539836163234
ZDG9,Z,D,-28,ZDG,9,fu_sp,0.26869047619047615,0.3466666666666667,3842.933097031458,4295.526838966204,25.002017802785723,0,0.06272444486789873
ZDG8,Z,D,-28,ZDG,8,fu_sp,0.26150375939849624,0.35,3454.4278320874064,4535.601719197708,16.88354576242605,0,-0.011374734518525139
ZDG7,Z,D,-28,ZDG,7,fu_sp,0.2829090909090909,0.33,4557.712082262212,4801.217391304348,19.731837544413192,0,-0.5869138510557025
ZDG6,Z,D,-28,ZDG,6,fu_sp,NA,NA,NA,NA,NA,0,NA
ZDG5,Z,D,-28,ZDG,5,fu_sp,0.30688311688311687,0.3566666666666667,4413.203554803217,5049.674149167271,19.988921026855973,0,-0.6965132065679736
ZDG4,Z,D,-28,ZDG,4,fu_sp,NA,NA,NA,NA,NA,0,NA
ZDG3,Z,D,-28,ZDG,3,fu_sp,0.24204545454545454,0.32333333333333336,3656.6588419405325,NA,30.51706900413559,0,1.505761643150933
ZDG2,Z,D,-28,ZDG,2,fu_sp,0.2761785714285714,0.4,3938.743049269366,4581.391662704074,29.72318615989352,0,1.3797390224136672
ZDG1,Z,D,-28,ZDG,1,fu_sp,0.3399537037037037,0.35,3886.9807980389483,4447.634445200818,26.826416530774328,0,0.7845960111048256
VBE7,V,B,-5,VBE,7,as_no,0.3160479041916168,1.49,1650.0947328533534,NA,15.36000564368921,32.06591122284754,0.6345560645101813
VBF5,V,B,-12,VBF,5,fu_ve,0.3104,0.33333333333333337,2961.5058910162,5405.123513266239,30.44253314031054,36.33883461162626,0.6399690222913719
VBG2,V,B,-28,VBG,2,fu_ve,NA,NA,NA,NA,NA,0,NA
VCE5,V,C,-5,VCE,5,fu_sp,0.35859504132231407,0.31333333333333335,3566.443881078589,4125.760286225402,16.90872774793596,0,-0.26803101669819346
VCH9,V,C,-40,VCH,9,fu_se,NA,NA,NA,NA,NA,0,NA
VCH7,V,C,-40,VCH,7,fu_se,NA,NA,NA,NA,NA,0,NA
VDG3,V,D,-28,VDG,3,as_no,0.3501129943502825,1.505,1473.6162659351298,NA,14.28196081375272,32.174667379027305,0.6761238970764171
WCF2,W,C,-12,WCF,2,fu_se,NA,NA,NA,NA,NA,0,NA
ZBE5,Z,B,-5,ZBE,5,as_no,NA,NA,NA,NA,NA,0,NA
ZBE2,Z,B,-5,ZBE,2,as_no,0.305625,1.3666666666666667,1879.064417177914,NA,12.988878640416441,17.2070190672079,0.42603723517796466
ZBH9,Z,B,-40,ZBH,9,fu_sp,0.3413125,0.36833333333333335,2640.8899468961727,3924.221789883269,19.135842602556327,0,0.21364279281397022
ZBH5,Z,B,-40,ZBH,5,fu_sp,0.2885,0.3983333333333333,3665.4342383978433,3730.1123595505624,30.04003844448197,0,0.7567494867699031
ZCE2,Z,C,-5,ZCE,2,fu_se,NA,NA,NA,NA,NA,0,NA
ZCG9,Z,C,-28,ZCG,9,fu_se,NA,NA,NA,NA,NA,0,NA
ZDE2,Z,D,-5,ZDE,2,fu_ve,0.2878181818181818,0.2916666666666667,3636.6031946575217,4822.48243559719,33.81491467224525,21.6051002043463,1.8333703380503323
XBE9,X,B,-5,XBE,9,fu_ve,0.3366386554621848,0.31833333333333336,3061.707438841738,4013.075586446569,30.707756555179177,56.463971806905924,0.5799447553303044
XBE8,X,B,-5,XBE,8,fu_ve,0.2915438596491228,0.375,2399.4824888674925,4607.880055788005,28.615984349501016,56.46221000554527,0.6441475350884195
XBE7,X,B,-5,XBE,7,fu_ve,0.33980519480519483,0.36166666666666664,2837.8941333842918,4674.544764795145,32.84455856561193,79.16517318046512,0.5736872740695902
XBE6,X,B,-5,XBE,6,fu_ve,0.32526946107784427,0.355,3293.4462444771725,4352.762328513164,26.239250927320647,56.13842542497225,0.933848737328218
XBE5,X,B,-5,XBE,5,fu_ve,0.29962962962962963,0.37,3427.7503090234854,6159.609455292909,21.09324636551206,33.3964113978643,-0.3582790295645855
XBE4,X,B,-5,XBE,4,fu_ve,NA,NA,NA,NA,NA,0,NA
XBE3,X,B,-5,XBE,3,fu_ve,NA,NA,NA,NA,NA,0,NA
XBE2,X,B,-5,XBE,2,fu_ve,0.32976377952755914,0.43166666666666664,2523.8061127029605,3467.2947510094214,33.63051204464681,66.0124530840262,0.7758111722226321
XAF9,X,A,-12,XAF,9,fu_ve,NA,NA,NA,NA,NA,0,NA
XAF6,X,A,-12,XAF,6,fu_ve,NA,NA,NA,NA,NA,0,NA
XAF5,X,A,-12,XAF,5,fu_ve,0.3263430420711974,0.28500000000000003,2950.495834986117,4929.575058723041,30.847996416785126,63.80386507885657,1.6045125432710168
XAF4,X,A,-12,XAF,4,fu_ve,0.3509333333333335,0.23833333333333337,2794.7188449848013,4714.649681528661,18.535822012564353,0,0.04682244714051036
XAF3,X,A,-12,XAF,3,fu_ve,NA,NA,NA,NA,NA,0,NA
XAF2,X,A,-12,XAF,2,fu_ve,0.350609756097561,NA,2525.8086956521743,3480.697674418605,26.51755555149811,0,0.18129899279236322
XAF1,X,A,-12,XAF,1,fu_ve,NA,NA,NA,NA,NA,0,NA
ZBF2,Z,B,-12,ZBF,2,fu_se,0.24914285714285717,NA,2573.3944954128438,NA,22.357278071136793,0,-1.551535114716708
XAH9,X,A,-40,XAH,9,fu_se,NA,NA,NA,NA,NA,0,NA
XAH8,X,A,-40,XAH,8,fu_se,NA,NA,NA,NA,NA,0,NA
XAH7,X,A,-40,XAH,7,fu_se,NA,NA,NA,NA,NA,0,NA
XAH6,X,A,-40,XAH,6,fu_se,NA,NA,NA,NA,NA,0,NA
XAH5,X,A,-40,XAH,5,fu_se,NA,NA,NA,NA,NA,0,NA
XAH4,X,A,-40,XAH,4,fu_se,NA,NA,NA,NA,NA,0,NA
XAH3,X,A,-40,XAH,3,fu_se,0.3280310880829015,0.3516666666666667,3966.450797662297,4263.109213802917,68.87929473851673,0,0.39277952547906175
XAH2,X,A,-40,XAH,2,fu_se,0.3717222222222223,0.42,3066.3129577043787,3346.3193027999255,52.69934962857936,0,0.35601485785970205
XAH1,X,A,-40,XAH,1,fu_se,NA,NA,NA,NA,NA,0,NA
XAG9,X,A,-28,XAG,9,as_no,0.3316118421052632,1.375,1629.7787917865292,NA,15.009894043292606,23.18564561324081,1.407755097877904
XAG8,X,A,-28,XAG,8,as_no,0.3060277777777778,1.2633333333333334,1875.2745756558045,NA,13.740436184476556,5.132855383917244,1.825078781620511
XAG7,X,A,-28,XAG,7,as_no,0.3261371841155235,1.3016666666666667,1458.932920079699,NA,15.259097860831936,31.158589966974258,1.2526532508885282
XAG6,X,A,-28,XAG,6,as_no,NA,NA,NA,NA,NA,0,NA
XAG5,X,A,-28,XAG,5,as_no,NA,NA,NA,NA,NA,0,NA
XAG4,X,A,-28,XAG,4,as_no,NA,NA,NA,NA,NA,0,NA
XAG3,X,A,-28,XAG,3,as_no,NA,NA,NA,NA,NA,0,NA
XAG2,X,A,-28,XAG,2,as_no,NA,NA,NA,NA,NA,0,NA
XAG1,X,A,-28,XAG,1,as_no,0.35944881889763786,1.58,1323.198247535597,NA,15.954590536965846,11.240455642635988,1.285663069721594
